index	label	text
0	1	TGCTTCTTCATTACCACCTGCTACCACTACAAAAACGAGCG
1	1	TGCCATAACTACAACTGAGCCATGGAACAGCACTTTTACCT
2	1	CAAATATCTTAGTTTAGATTCATGTGTGATCTTGTCAACCT
3	1	TGGTAGATCTCGGAGGCTGACTTGACGGACTCAATGGACCC
4	1	TCCATCTTGATGGAAAATCGCCGTTCTGATGTTCAAGTCGT
5	1	ACGAATTGCCCGAGTAGTCTCCTCTGCCGACTTAAACCAAC
6	1	AACGAAGATGAGGACGACTGCGAAAACGATGCATTGCAGGC
7	1	ATTAACATTGGTATGAGTTGCCGTTTATTGAGTGAAGACAT
8	1	GATGAATGCCTCCACAGCCGCAGTAAATTCTATAGGGATGG
9	1	ATCCCGATGACGACCTTTTGCCTATGCCCATCAAAGTTTGC
10	1	CGATTTGGAAGTAACGCTCGCCGTAGACAAGTAAGAATGCC
11	1	ACAAAATCGAACAGAAATGGCAAGATGAGCAAGAGTTGAAG
12	1	CCTCTTTTTGAAGCCGATTGCCCTACCCCTCTCTACACCCC
13	1	AAAGAAGAATAATTTAATTACTTTCTCAACTAAAATCTGGA
14	1	GACATTATTAACGGGATACACAAAAAAGGAGTCAACTATTG
15	1	TTTGCCACCAAAATCCGTCACACGAACACCTTTAATGGCAG
16	1	CTCCTACCTTATAAGAGGCACCGTTCCAGAATCTAGAGGAG
17	1	AGGATCATGGCTGGCAGCGCCCACAACAATTAAACTCTGTT
18	1	ATGCTTTCAAAAATTCTTTGCTTACTGATTCACGGTGGCCA
19	1	GGGATAATATTAGTTTATGACAATTACATCGTGTTACTCTC
20	1	ACACTCTTAAAGTATATATTCTCACTTGTAGCCGTCAGTAA
21	1	TTATTTAGAAATAAGCTTTCCGGAAAATAAACTTTTTTGGT
22	1	GTTGAGGAAGAAATCGCAGACTTTTAGCATTCAATATCGAT
23	1	GAGCCGAAAGCTGCCAGGAACTGTTCCTGATTTTTTAGGAA
24	1	TTGGAGTAAACAACCTTCAGCGGATAATAGTAGCCTGCATA
25	1	GAAGGTTGTTTACTCCAATGCCGTTTCCTGGGGCACGCTTC
26	1	TAGAAGTAAAAGTACCAGTCCACAGTTCGGTAGTAGTTGTG
27	1	GGCTCAGAACAGATCATACGCCAAAAACAGAAAAGAAAAAG
28	1	GCTTTTTTTTAAAATGAGTGCGTAACCGTACTTTCCTAAAA
29	1	ACGTTTCACTATATATTCTACTACATCTATTTTCGGCCCAA
30	1	GCATATTTCTTATACATATACTCCTATCCTGGTTTTGCTAA
31	1	TCTATTGCATTAAATGATGGCGTTGCATATTTCTTATACAT
32	1	GTACCACCTCATGTAAAGGGCATGTCGTGTCTATTGCATTA
33	1	TGCGGTCAACCGATCATTTACAGATCATGAGCCACTATATC
34	1	TTTTTTTTCTAGGGAAAATGCGTTTTGATGTAGTAGTATTT
35	1	AAAAAATTTCAAGAGTAACGCGAAAAAGGCCCCGAGAGCCC
36	1	GTGCATAGTTAAGAAAATTCCTGACATGTGAAAATATGTGT
37	1	CGCAGTTTTGCCTTAAAATGCCCTCTGTTGTAGAAGTTAAA
38	1	TAAATATTTCGAGCATTTTACGTTTTCATCTAATGAATTCC
39	1	CAAAGCAAAAGAAATTTTGCCTCCTCCGGTTTTCGCCCAGT
40	1	AACTTGCTTCGGTAAATATTCTTGGTTTCTTACCTCTCATT
41	1	CGTGCAAAGATGGGCATGAGCATAAATATACAAAAACAGAA
42	1	GCTCTTCTAGAAATAGGCTCCGTAGGAGCGTGAGAGTTGAA
43	1	CTTTGTTTCTGTGCTATTTTCCCGACTCTTTATTTCAAACA
44	1	TGCTCTGTATAATCCCATGGCAAAAATATAATGAACAGTTA
45	1	AAACACATCCACAAAAAAACCAGTGATTAAAAAAAGTTTGA
46	1	CTGAAGAATACAAGGTCTCTCCAAAAACCCTAATAATTACC
47	1	CCATTCTTTCTATCTTGGTCCTGAGATAACCTTCTATCTCC
48	1	CGTGGATGCTAGGGACTTCTCGCTGGGTAAGGCTATTTTGC
49	1	CAAAAACGGTATAGACCCTACTATTTCTGTTTTAGCCCTAT
50	1	TCCAACGCCCAAGTCAAAACCCCATTACCTCCAGCCCCAGC
51	1	TAAACAATTGAACTTTTTCTCGAAAACACAACAAAGAGAGA
52	1	ATTCGCAAAAAAACTTTTTCCGTTTTCCAAGAGGTACTGGT
53	1	TTAATACGTAAGTGGGTACACTAAATGAGCGTAAGTGATAC
54	1	AGATCTCATATGTTGGTTCACCAATTGAAGAGATTGAACAG
55	1	TTTTAATTGAGGGAAGACTCCTGTTCTTCTTGTCACCACCC
56	1	AATAAAAGGTCATAGGAGAACGTATATTGGTGCCTTACCTG
57	1	ATCGCCATATTGGCATTTGCCTTGGGAAAGTTAGCACATTC
58	1	AAATTGTTGTAAATTTTTAACGTACCCAATAAACCACCAGT
59	1	TTATATTAATTTTTATCAACCTACTTACTTGAAAGGAACGA
60	1	TAAGTCATGGGAGCGTATAACGCTACCTGACTCCGGAGAAA
61	1	TTTGGGGGTGAATTCTTCGGCATTAGTTAAAGGAATGAGAA
62	1	TGAACTTTATCATCGTTTTGCCCCACTAGAGCATTTTCTGG
63	1	AAAGCCGTAACTCTTAAAAGCGGTAAAAAGCGTGTGGCACC
64	1	AATTTCTGGTAAGTTTTTGGCCTGTGCGTGTTCATAAGGGA
65	1	ATGATGATATTACTAATTTCCTCCCTAGTATTCTAACAAAT
66	1	TCTAAATAACCATATAGCGGCAATAATATCTTTTCCCCTTC
67	1	AAAGACAGTGTATAGTATTACTATTAATAAAGAAAATAAAA
68	1	CACCCCTCTCTGAAAAATTGCGTGAAATTAGTGGACCTAAA
69	1	TCGAACGCAACAAGCAAGTGCGGGAAGCTTAAATTTCACCC
70	1	CCACCTTTACCTCTACCGGACATATTTTACTATATTATATT
71	1	ACGTTTCAGCTTCCAAAATTCAAGAATATGATAAGGCTTCC
72	1	CATTTGTATAAGCAAATTCGCTACGCGACTCTCACATCAAA
73	1	AGCAAACCTGCCGATGGCATCATATAATATAATTAAATTCT
74	1	ATGTTTAAAAGTATGAAAAACTTTTCAGTATTAATTATGCA
75	1	ACCAAAAGAAGCAAACGGAACCAAGACGGCTTTAACAGTAA
76	1	CTTTATAGCGGGAGCGCCCACCTCCGCGATGAAACCGGGCA
77	1	GATATTAATCCTTATCTATACTACTTACTTCTATTTACGTT
78	1	GCTATGAAATTAAAGATATACTGCCTCTATAAAAACATTTA
79	1	TCTTTTTCTTGATAAATAGGCATACGTCCCACCACTTAGCA
80	1	GTGAACTAAACCCAGTTTTCCTTCCACAAGTTTACAGACTT
81	1	CTGGTTTTTCACTGCTCTAGCTAGTATTATATTAACAAGGA
82	1	AAATATATGCTACTTTCTTCCTTGTATATACATATATACTT
83	1	GCACTGTGTTCACAGCCATGCCATTGTTCCATTCAACTGCT
84	1	CGAGATTGATCTAAAAAATCCAGTAAGGGCAAGATCAATTT
85	1	AGAAAAGGCAAGAAAATTTTCAGTAGCAAAAAAAATAATAG
86	1	GAAAATTGTGAGAAAAAAAACATGGAGGAAGAATGAATCAA
87	1	GGTAATGTCAATGAGGAAAGCAAGACTTCTAACAACAAGCA
88	1	CTGAATGTGCATCACCCTCACCACTGGTGTTACCAAAGTTT
89	1	GAACAAGTTCTGGAGCAGCACCCTTAGACTTCTTAGAAGAA
90	1	AGGTTACATTCGCTAAAGATCCATTTGACATTTTCGCATCA
91	1	GTCTTCCGTATCCTTTTTGGCAGCATCAGCATCTTTTGATG
92	1	CTTTCTTAAATACATTGTATCTAATATTCTTTTCATCGTCC
93	1	TCTAAGTGCCTCAAGGAATGCCTCTTCTACCTTTTCTGACC
94	1	CAAAAATTGATGCTGAATTCCAAGCATTATCCATATATTCC
95	1	CAAGCATTATCCATATATTCCAGTTGCGAACGTTTTCACTA
96	1	GGGGTGAGATTGGTTCAGACCCCCCAATTTTGGAATCTTAC
97	1	ACCAAATTACAGAAAAAACGCCCACTGGTAAACTTATTGGA
98	1	CCGCTAATGTACAGGAGGATCCCATTTCTAATTTTTTACCT
99	1	TGACATTTCTCGTCAAAAAGCCCTAACTACCAAAGCCTTTA
100	1	TACCTTGTAATTTACGTTTCCTTAAATCTTCTTTCTACTAA
101	1	ATGATTTGGCACGAAGTCAGCCCCAATACGTTCCATTCGAT
102	1	TTGATTCGATTTTTTTCTCCCCCTTTTATTTATTTAAATGA
103	1	CAATAACTTCTCTTAAAATCCTTCAACCTAGTTTTAGCTTT
104	1	AGCGTTAAGAGATATATTCTCAGTAAAAAATAAAATAACCA
105	1	GGATACTGATATGCAAGAAGCGTTAAGAGATATATTCTCAG
106	1	AAGTTGGTGGGTAATCTGGACCCCAATGCCGATGTCGACAC
107	1	CCACGCACATAGGATTTTCGCCTGCCCTTGGCCCATACCGA
108	1	AAGTAAGTAGGTGACTTTGACACAATAAATATAGGACCACG
109	1	AACTCAATATACAAAAATTGCCTTTTCGTCAAAGTTAAGGA
110	1	CATCTTGTTATCCTCATTTACATCTTCCCAAAAACCTGAAG
111	1	ATCCTTCTCATCTCCAGATACATAAAAAAATTCACCTTCCA
112	1	TGAATTTAAGCTTAGGTACCCAACTTTACATTTGAAGAAAA
113	1	GGTAAATAAAAACGGCCTTTCCTTTAGGGTGTTTCAGTGTT
114	1	CCCTGTGACAAGGCGAAAACCAAGAATTTTTTTGTAATATA
115	1	GTGCAATAGATTTTGCCAGCCTATTATAAACATCACCAGAG
116	1	AGTCTATATATATATAGTCCCACTCTCAAACTAATATAACC
117	1	GATGGATGCCCCGAATCGTGCTTTAAAACTTTAAAGTCATC
118	1	GGGCAGATCTTTATAAGGAGCGTACTTTAAAAGAAATTTGT
119	1	GAAATCTGGATGATGGAATCCAAGACCGTCAAAGAAATGGA
120	1	TACAGAAAAGCGAAAAAACTCTAAGAATAGAGAACTAGAGT
121	1	TCCCCTCTCTATGGTCCTTGCTACTGCAATCAGTACGGTGT
122	1	TTTCTGCAAACCAATACCACCGCCACCAGCAGTTGACTTCA
123	1	AGTCGATAATGCGTGGATATCGCTAATTTCAAAGGAAAATT
124	1	TGGCGAAGGATATGAAAAAGCTGTAATATTTAAAAGATCCA
125	1	TTCAAATCTGTTAAAACCGTCCGCGTGATGACTGACCCTTT
126	1	TACTGCCCGTAGTCATCGGACTTTGTAGCGATTTTCACATT
127	1	TCAAATCGCTACAGCTAGCCCATCAATTAAAAGACAAGAAA
128	1	CAAAATGATCTAAAACACCCCTAACGAAGGGCGGATAATTG
129	1	TTATCAAGGACAATTGCTATCATAAATAGAATTGTTAATCA
130	1	CGTAGGATGGAAAATCTTTTCGATTAGAGGAATTTTCGATT
131	1	AGATCTGATGTATTGAGAAACAAGAGAAGAAAGTTGACGTG
132	1	TGCGGCAATCTGGATTTGGGCAGAAACAATGTCAATACCGG
133	1	CCTCCAGCTGAAGTTATTGACTCTGTGGGTGACAAAGTCTC
134	1	GAGGACCGTCTTTCAATGCACAGGTTGAAGGCGGACGAAGC
135	1	CTTTGGGGTATGCTAATAATCCAAAAGCTAACAAGGAGAAC
136	1	TACATGCATTGTGCAACAAACTCCGCAGGGCCCTGTGATGC
137	1	AGCACGTGTGCGAAGTTTTCCTGCTTAGTTCTATGATGTTC
138	1	ACGAACCTGTATCGGTTAAGCCTTCGAAGAAAAAGTCGAAG
139	1	GGAATATCAAAAACTGGCTCCGGCAAGACCATCTCCTATCT
140	1	ATTTTGTAAAGTTTGAAAACCTTGCATCTTGTCCACAGCAT
141	1	TGTGAAGGGACGAGTGCCTGCAGTGAACTGCTCGTACAAGA
142	1	CATGAGTTTCCAATGTCTCACAGGGCATGTCTCACACACCA
143	1	GTATTTGGCGAAGAAATGGTCAAATTTCTTATGTCAACGAG
144	1	TTCGTGCATATATATATATACATATATAATATAAAACAAAA
145	1	ATAACAATATGTATCTCCCACAAACACTGTGGCGGGCCAAC
146	1	ACAAACTGTAATGAAAATTCCTTGAATGTCACTTTAGATCT
147	1	GCTTCCATTGGAATAATTATCGTGTTGAGACCTACGGAGGA
148	1	CTTTAGCAAGTTCAAAAGTTCCTTTGTGTTATTGGGATATT
149	1	TAATTACATAGCAATAATAGCAACAACACTAAGGATCGGTG
150	1	TAATATTTTGTAGGTTAGAGCTGTTATGTAGGGAAGAAAAA
151	1	ACTTGGTTCTGGTAAAAATGCGTGATGCCTGATTCATCAAT
152	1	TCTTTTTTGAGTTCGAGTTCCATCGGTGATAAGATTTGGCA
153	1	AATAGTTTTAAGCACTAGCGCTGCCTACATATTTTCGATTG
154	1	ATGTCTGCACAGTTTGATTCCTTGAAATATAAAATTCTACT
155	1	TCTTTTAAATAACCTCGTCCCTGGATAGATTAAAACCATTA
156	1	ATATTGCGTATATATAGCCACGTAAACCTCACACTATTGAG
157	1	TGAAAATTGTCCTTCAACTGCCCCAACTGCTGTATCAAGTA
158	1	ATAACAAAACATATAAAAACCAACACAATAAAAAAAAGGAT
159	1	AAAACAAACTTGGAAAAAAGCCGTAAATTCGAAAGAGAAAA
160	1	TAGGTTACCTCTAATTCTATCCCAAATGTAAATTTTACCAT
161	1	TATTTTCGTTTAGGAAAATACCGTTTTAAGGAATTAATTTT
162	1	TTTGGTGTCTTGGCCAATTGCCCTTCTGAAAAATCTCACTG
163	1	AATTTTGTTGTCAGTGATGCCTCAATCCTTCTTTTGCTTCC
164	1	AATTTTACCAGTGAAACCTACGAAAAAGTCTTCAAAAAAAC
165	1	TCCAATTCTATTCCAAAAATCGAGAAGCCCCCAGCATTCAA
166	1	GGGTTCTTTTGGAAGAAATGCTAGCTTAACATGAGTGTGAT
167	1	TGGTTGTGAGCTTCCTTTTGCCTTGGGCAGGTCCTTTTGAA
168	1	GCCAGCGATGATATAATTTGCCTGCACAAAGAGTTTACTAT
169	1	GTACTTGATGGTTGGCAAAGCAGCAACAATTCTTTGGTTAG
170	1	TTCTAAAAATAAAAAAAAATCATACACTATTTTGATTACAC
171	1	AGATCTGGTTTGAGAATTGGCCGTATCGAAGATGTTACCCC
172	1	TATTTTCTATAGCAACATCTCTAAATTCTTCATATTTTCTT
173	1	TCTTTAATGGGTATTTTATTCATTTTTTCTTGCTTATCTTC
174	1	CATTTTTTCTTGCTTATCTTCCTTTTTTTCTTGCCCACTTC
175	1	ACTTCTAAGCTGATTTCAATCTCTCCTTTATATATATTTTT
176	1	TGGGATGCAATTTATTGCTTCCCAATGTAGAAAAGTACATC
177	1	GAAAAGTACATCATATGAAACAACTTAAACTCTTAACTACT
178	1	ATCATATGAAACAACTTAAACTCTTAACTACTTCTTTTAAC
179	1	ACTTAAACTCTTAACTACTTCTTTTAACCTTCACTTTTTAT
180	1	TTCTTAATTTTGAAAGCAGGCTTCGAAGTAAACATATTGTG
181	1	CCTGCTTTCAAAATTAAGAACAAAGCATCCAAATCATACAG
182	1	GCAGCTTGGCCTCACATGCTCAGCTAGACGTTTTTCTTTCA
183	1	CGACCACTCAAGAAAGATATCCAGATTCCTGTTCCTTCCTC
184	1	AATGTCTTGTCTTCTCTGCTCGCTGAAGAATGGCACGCGGA
185	1	ATTCCGTGCTGCATTTTGTCCGCGTGCCATTCTTCAGCGAG
186	1	CGTACAGTCTATAAACTCATCTAAATTATCTCCTGGAGAGC
187	1	TTTCCTCCACCACGCTCGTCCTTCTTATATCATCCGCATGT
188	1	ACATTCTCAGAGAGAACCTCCAGTAGAGTCATTATACATAA
189	1	CTGAAACACTGACTAAAACGCGTCCTCATTTAAAATCAAAA
190	1	TGCTATCCGTAGTATTGTTACCATCAGAAATCTTTTCAGTT
191	1	TCAATGATGAGTGCAGAACACCAAAGATTGCCGAAGATCAA
192	1	TAGACCAGAAGTTATTTGACCAAACACGACACTTTTGCCAT
193	1	GCCCTTGTGAAGCTCGATACCGTTCGAGGTCTTTTCCACTT
194	1	ACTCAAAAGCTAGAATATTACAAGGACTTATTAATTCGGGA
195	1	ACGCGCGCCTGTGAAGTTTCCGCTTTCGGTCAAAAAGAATA
196	1	AATCGTTTAAGTAGTGATGACAGATGGAGGAACGGGTATAA
197	1	AAGAAATAGTGAAATGAAAGCGCATACCTCAAAGGCATATA
198	1	CTTCAGATCTTTTAATATTTCCTAAAATGTGGAAAAGCTGC
199	1	TACCCTACCACTCTATACCACCACCACATGCCATACTCACC
200	1	GTTGGTTTACATTTAAGGTGCGACCAGCAATGTCACTGCTC
201	1	ATTTCCTGTTTTCTATCTAGCCAATTCAATAATCGTAATAA
202	1	GGCTTTTCGCTTTTATACAGCAGGAAAAAAAAGCCGCCGAG
203	1	TTTGAAGGATAACACATCTACGCTTTTCTCATCTTTGACTT
204	1	AACAGGGCTCCATGATTTTTCAGTAATAAACAACTTCCACT
205	1	AGGAAAAACAATCCAGGACACAAGATACGAAATGCAAGGCA
206	1	GGAAGAGGAAGGAACAAAAACTATCGCTTATCTTCTTGCAT
207	1	GAGGACTTTGCCCTGCTGAACTAAAATATGCAAACTATCCA
208	1	CTGACTCTTCATTTTGGTAACTGTTTGCAGTATCAATGCAA
209	1	ATTGGATTTGGCAAGTATCGCGGTATCTTGTTTTTTGATCT
210	1	AATTCAATTCTTCTCAAACTCTTGCAAACAATTTGAGAGCG
211	1	AAAAGCAGGGTTTTTGAAAACAGGAACCTTAGTTGCCACAT
212	1	ATTCGATATTAAAACCAATGCCTCTACGTCGTTCTTTTGCT
213	1	ATAAATATATAAATATAATACTATAAGACATAATAAGAAAA
214	1	TAAACATAAAAGGATAAGTACATAAATATATAAATATAATA
215	1	TGGGACTATGATCTATTTCGCCCGATATCGTATTTCGAAAA
216	1	GGTGGCTTGTATTTGTCAAACCAAAAAAAAAAATGAAAATC
217	1	TTTCGAACGCTCAGGAATACCTGTTATGTATATTTACATGA
218	1	ACCCCTCTCCCGAGCAAAGACCTAGGATTATATTATTCCCT
219	1	GTCAATTGGAGGATTGGTCACTTGAGCAAACAATTGTCTGA
220	1	TGTGAAATTTATTGACCTCGCCTGTTCCTAACTACCAACGT
221	1	TTAAACTAGATATGCAAAAACCACAAGGAAAAACAGGAAGA
222	1	CTTTCTTCTACTTCTTAAAACTCCTATTTGTCATTGAAAGA
223	1	CATGATTTCGAAGAAATCTGCGCTATCATATGATTTTTCAG
224	1	ATTGATTTTTGATATTTTGGCCCGAAAGATAATTCTGGTCT
225	1	ACCTTTCTGCGAAGTTGGAGCCCAAACTAACGATTCAGCAC
226	1	TCACTAGCATAATGTTGCAACAGTAGAGGCTCCTGGTCTTC
227	1	TGCCATGTCTCGAGCTGAGGCTTTTTAGTTAGATCTTTCTA
228	1	TGACAATGGTGCTGAGAGCTCTGAGAATGAGGCAGAAGACG
229	1	TCAAGTACATTTTCTTTGCTCGTTACAGAATTTAGCTGGTG
230	1	TTGTGGCCATTTTAGCTTTTCTCACTGTATTCGATCCAGAA
231	1	TCAATGAAGATGATGCTGAGCTACAGCAACCTCAAAGAAAA
232	1	CAACCTTCAGATGCTTCTCGCTAAATGCTCATCTCTAAATT
233	1	TGGAAATGTCTGAGAAAATTCAGTTTATATTAGAGCAAATG
234	1	GCCATTCTGCATCCGGTGGCCAGAATGCTAGTAGAGGTTTC
235	1	ATGATAGTCCCTAATATAGACTCATATATATATATATATAT
236	1	ATCACTAATAAAATAAATTGCCGTTTGGTGTTCTTAAAAAA
237	1	CTGGGTTCTTCTTATTATCACCGTAATAGAAATCTTTTACC
238	1	TACATGGAATTTTTCTGTCCCCCATTATTCAAAATTGCGCA
239	1	GAAGTCGATGGCGTGACATCCGATGATGAAGATGAGTACAT
240	1	ACTAGATCCCACTAACACCACTAGAATTCATGCCATGTTAC
241	1	GGTAGGCTTAGTGTACTTGCCGGTAACACTATCATAAGCTG
242	1	GGGTTAATTGCTACTAAAAACGAGAAACCATGTGTCATAGA
243	1	ATCAGGCCCCACTAGAGCGGCTACTGAGGCATACTTTCAAG
244	1	CACAACGAACATACCGTTCGCCTGTTTGTCGCCAATAATAG
245	1	CTGCGGACACCCATGTCGACCCGCAAGGCCGCGATCTAATC
246	1	TTCACAGGAAATGAACTTGCCTGTTCTATGGTTTTCATTAA
247	1	TCGTAGAGCCAACCTATATACGCACTCTGCAAAACGGCCAA
248	1	GAATTATGTGAGTCAAAATCCGCGCGTGACCCGTAAAGCGT
249	1	AGTATAACAAGTAATTTTGGCAGGATTGTTGAATCGTTATC
250	1	TTCTAAGGATTGCTTGACATCCAATTGGAATTTCTCCTTTT
251	1	TTTATTTCTGGTAATAATAGCAAGAAATAAGAACAGACAGT
252	1	GTCTAAACCCTGTTAATGTGCAAGGTCTATTTTTTTCGTAA
253	1	GTCAATCAAAAGTGTAGAATCAGAAACGGTAAAAATTAAAG
254	1	TACTGTGCAAGGAAAATAAACTAGCATTGTTACTACACGGA
255	1	AAAAAACGGCACGGAGAAAGCCTAAACTTGGTTGCATATAC
256	1	TAGTAAATGTCTAGAGAATCCTTTGCAACAGGAGATTTCAA
257	1	AAAATTTTAAAATCTAGGCACATATAAAGAGAAAATGGGAA
258	1	CAGTCGTGCTCGGTCGACAACGTGTATGTTTTTGCCGAGCA
259	1	TCTTTTCTCTTTTCCTGCAGCGGTCGAACATATGTGATTAT
260	1	ATTGGACGAGGAAGAACTTGCGTTAGAGGACCAGAACCATT
261	1	AGACTAGTTTCCTTTCATATCATTTTATAGCAATAACCATT
262	1	CAAATTCAAATGGTCCAACGCCCGCTGTGCTTCCTCAGAAG
263	1	AAGAAGTAGTAAAAAAAATCCGGGATTCCCAATTCAGGTCA
264	1	AGAGGAATATGGTTATTATACTCCCTGAGAATAAGTGCACA
265	1	ACCGAAGCGATGCCTAATTTCTTGAAATACGTGAGAATGGG
266	1	TATATGCTTATATGCATGCGCATATGCTCATAAAAGATACA
267	1	CGAAAAGTTGATTGAAACCTCCACTCCAATGGAGGACTTCG
268	1	TTTCAAATGCATGATGATCGCTTAAAAAGAAAGTCCGATTC
269	1	TACAAATTACTGGAAGTATCCTTGGGAATCCAAGGTGACAA
270	1	GAGATTTTTTGTATTGCTTCCCTTCGTATAGTTTCAATGCC
271	1	TTGAGTTGATTATATAATCGCTATTTAATCTTTTAAAGGGG
272	1	AGAGGACTGCTAAGGAAACTCTTTGAGTTGATTATATAATC
273	1	TTCAACCTCAGTTTATTCAACCAGACCAAGTGGTCCAACTA
274	1	TTCATCTTACCCAACTAGCTCAAGCACTGTGACTATTTCTG
275	1	TGCTACTTCAGTTGACCCAACCACTTCTGTTATCAGTTCAA
276	1	TTGGGTCTGCTGAAGTTGAACTGATAACAGAAGTAGTTGGG
277	1	AACTGAAGTAGTTGGATCAACAGAAGTAGTTTGAACGGTCG
278	1	CGTGCAAATGCTGATCTGATCTCGCCTGGGCCAGTTTTATC
279	1	CCATTATACGAGCACTCATCCATTTTCAAAAGTTTTTTATG
280	1	GAGGGTTTGTAGAATATTTCCAGCATTTTCTTTTCTTCCAC
281	1	AACAATAACAACAACAACAACAATAATAATAATAATAGTAA
282	1	AACAACAACAGTAACAACGACGACGACGACAACAACAACAA
283	1	TAGTATCCAAGCAAAAGGAGCATAAAGTTACTTTTAGTGTT
284	1	GTGTGTGTGTCTATAAAAAGCAGTAAGAGTCACCAAAAAAA
285	1	CACTATGCGCCAGCTGGTGACATACAAGATAAACAATTACA
286	1	TGACTTAGATGAAGATGATCCAGTAGAAACTTTTCGCCTGG
287	1	CAATGAGAAATCTTGCTTGCCCCATAACAGGTACAATACTT
288	1	AGGTTATTTAGCTTTTGATCCTTGAACCATTAATTAACCCA
289	1	AGCGCAGGTGGTGATCAAATCAGCAACACCAGCAGACTCTT
290	1	CCTAAAATCAATGCAAGAACCATTAACAAAAAAAACCGCTC
291	1	AAAATATCATTGATATGATCCAAGAGAGAGAAGAACGAGAG
292	1	ACTACCAAGCAGTCATTATTCTATTAATATATATTTGTGCT
293	1	AAGACAATGGCCAACTATGCCAAATCACACATCAATATTTA
294	1	AACACTAACAACAGTAATGGCAATAGCAGTAATAACAATAA
295	1	TGGCGTGTTTCGTAATCAACCTAAGGAGGATGTTTTGGCTC
296	1	AAAAAATGTTAAAAAAATTGCGTCTGCGCGATGCTTTCGTA
297	1	CCAGAATTTATTATGTTATCCTTAAATTAATGAATGCCATG
298	1	CCTTTAGGCTCTTCTTCTTCCTTGGAGGGCTTTTCTTCATT
299	1	AAGCATTGCAAATGAGAAAGCGGTTGAGTTTGCGGAGCAAC
300	1	TAACGACATATTGTTTGATACCTTCAAGTGATATTTCATCC
301	1	CACAAGAGTGGTGCTTCTGTCATTAAACTAATTTTTTTAAG
302	1	GTTCAAGAATATAAGGCTACCAAGACAATGAACTCTTTGAA
303	1	TACGCGTAACGTAACTGTATCTGTTTCATGATTTACAACGG
304	1	CGTTTGTCTTCGCATAGTTCCCCTAAATATTCTAACTAGAA
305	1	GATCCTGCACGTACTGTGAACTTGCATCATAAATAGGACGC
306	1	TTTAATAAAAGGAGTCTTTCCAACCCCAATGAAGCTTTGAC
307	1	CTATCTCCTCTTTTTTTTTCCTTACACTTTCATTTTGGGAA
308	1	TACAGTCAGATATCCAGAAGCGGGACCTACTGCACCAGTCA
309	1	ACTATTGCTAATTTTTGTGTCCGTTTCTAACTTCAAAGCTG
310	1	TCCTTATACATCATATGAACCAACCTTGCAAAATATTTTGC
311	1	TGTTACCATTAATATAAACACTATCATCTTTAATATTGTTA
312	1	CAGCAGTTGAAGCCAGACCGCAGTATCACATATATAATACA
313	1	CAAGTAGCACGCTACCGCTTCATATGTATATTAGACCCTTA
314	1	AAAAAAGGAAAAAAAATTTGCCCGAAAGTCGATTGTTACCC
315	1	ATTCCTGAAGTGTACACTTGCCTTGTGTATTAAATGATGAT
316	1	AACTTTCGTTTCGAAAAACACAGTAATATATTATTCTCAAA
317	1	GGAAAAACCAATGTTAATGGCAGTTTCCACTTTATCACCCG
318	1	AGGAATCCATAAAAGGGAATCTGCAATTCTACACAATTCTA
319	1	AAAGGGAATCTGCAATTCTACACAATTCTATAAATATTATT
320	1	TTAGAGTGCGACCTTTTCAGCAAGTGAGCCGGCGTCTGTGG
321	1	CGGAAATCATTAAGTTAGCGCCGTTGAATAAATGTTCTTCT
322	1	CATGAGAGCAGCTGGCAAAACTACTATAAGTAAATGGTGCG
323	1	TTGATCCACCTGTCATTTCGCTGTTTGATGATTTGAAGGAT
324	1	AGTTCATTAGTTGCGGGGAACCCTAAATTAAACCTGGCTTT
325	1	GTTATAACCGCCATGTCTCACAGTATCAACTAAATAGAGCT
326	1	TTGTTATGACACCAGAGTGCCTAATTCAATCGAAAAACAGA
327	1	AAGTTCTCTAGTTTGTATTTCATATTATAATGTTTGACGGT
328	1	AAAAATTTCTTCTGAAACTTCCGGTGGAGAAGCGAAAGATG
329	1	TGCGTGAATATAAGTAGTTACCAAAAATTTCCACAATTCCA
330	1	CGACCTCCGGGTAGCCAAAACCCAAACGATATTTTTTTACT
331	1	CAAATTAAACGTTCCAATTGCATAAATACCAACACCATACA
332	1	GTCACACCAACTTATTTTTCCAGTTGCGAGAAATGGAGAAT
333	1	GTGCCCTTTCTCCACGATCGCCTAGACGAATTTCCTCCCTT
334	1	TAAGAATTCTTTACCAGTTCCATGAAATAACAAAAAAACAG
335	1	TTGGGACTCCCGTACAAATACTGGATATCTCAAATTGCTCA
336	1	CTTTATTGATCCAAAAGTTGCCTGTCCAAAGATACATCTAC
337	1	ATCTTCTTCTTGGTCCATGTCCTTGAATACGCTTTCATTGG
338	1	GCGCATAAGCCCGTGATTTCCTCTTCTGTGGTTTTCGGGTC
339	1	GAAACAAGGACCCCGTTGATCTATAGAAAAAATTTCAATCA
340	1	ATCGGTAACACGAGAATTAGCGGAAATCTCTTATTTCTACT
341	1	ATTGGATTACCTAAATTTTGCATTCAAGTATATTGCTCACA
342	1	CTATAATTGCCAAGACTGCGCTACTTCTCTTCTGTTTCGGT
343	1	CGGCCTCGAGCAAAAAAAAACAGTAGAAGGCAAAGCAAAGT
344	1	CTTTGCCCGACCAATCTTCGCTAGAACAACATCCAAAGGAT
345	1	TGAATTTGGATTATAAATTGCCCGAATCAGCAAATAACTAC
346	1	GAACATAATGCGGACAATTGCCTTTTCATCAAAGAGGAGTC
347	1	ATTGGTGAAAAATAACTTGGCAATAGTAACATATTTCAGAG
348	1	CCGATCTGGAAGACACTCCTCTGATGTTAAGAAAAAAAATG
349	1	GTTCATCTTGGACGGTTTCCCAAGAACCATTCCTCAGGCTG
350	1	AAAGAAATGTCTTGAAAATGCGAGAAGTCAAATATCTGAAA
351	1	CTGAGGGTTGACTGGGACAACGGTAACCATTTTGACGTCTC
352	1	GCTGGCGGTTTGAGGACCGGCAGTAGAAGACACAGGAGCAG
353	1	TCGCATCAAGTTTTACCCATCTACTACTTTATTCGCTTTAC
354	1	TCCCGGGGGCGAGTCGAACGCCCGATCTCAAGATTTCGTAG
355	1	GAGATCGGGCGTTCGACTCGCCCCCGGGAGATTTTTTTATG
356	1	ATCTTCAGAAAATCAGATCACCCACTCCACGATTATGGCCT
357	1	GATAGAGAAAATGAAATTTCCTCCAAGGAGTGTCCACCAAC
358	1	AATAGTATTCAAAATAGAAACGCGGATACAGGAAATTCAGA
359	1	ATTGTTATTATATAAATTACCTTTCTTGTTTATTTTCCTTC
360	1	ACCTAAGAACATAAAGCTGGCAATAGGTCTCTTTTCACTGG
361	1	CTTTTGCGCCCATTCGAGAGCATTATTTAAATATTTCAGTT
362	1	TAAATATGACAGTCGCTGAACTGTTCTTAGATATCCATGCT
363	1	CAGGGTCACAATGTCGTTTGCCTCTTGGGTATCAGATTGCA
364	1	TTCGTTTTAAGTATTAAACACCTCAACTCCTTGGCCGCAAA
365	1	TACTAGTAGAAGACGAAGACCAGTCATTAAAAATAAGCAAG
366	1	ATAATCCCGCCTTATTTTTCCTTGTTAAGGCTGCGTACGCA
367	1	CTAAGAAAAGGTGTCTCCAGCAGTAGTTCTTAAATATGAAA
368	1	TGCAAAGGTCCATTAAATTGCGTTTCAATTAATATATTCAA
369	1	ATTAATTCAATGGGAGTTGCCGTTAACAATGTATTGCGTGA
370	1	TCGATAATACATGATAATCACTTGAACTTAAATTTGAATGA
371	1	TAGAGCGTAGCCTGGGATGCCACGAGGATGTATTTTGGAGT
372	1	TCAAATGACACCATAGAACACGCTGCTGATATAACTGATGG
373	1	AAATAAAAGGAAATCATCACCATCCACTATCAAGAATGAGA
374	1	GTGAATTTTGCCTCACATAGCCACTTGTCATCGATCATTTC
375	1	ATTGATAGGCCCATTTGGTACTATTATATGTTATTTCAGCA
376	1	AGGAGGAAAAAAAAAGTCTTCTATTATAAACAAAGTACTCT
377	1	TCTATCGACTAGCATATTATCATATACGGTGTAAAAAGATG
378	1	ATTTCAAAGAGAGGAAATTGCAAGATAAACAAATCTACAAA
379	1	AAGAAAAGGCAGAGAAGAAGCATTGATGATACAATTGACTC
380	1	GCTAGAGGAAGAGATTAGCACGAAAAATTCACAGTTAATCG
381	1	TCAAAGATAACAAATTCGAACCATTCAATCAAAATACTGTA
382	1	TTCAGATTCAACTGCAATCTCGAAAACAAGTTTTTTATGCC
383	1	AAAAAGGCGCCTTAAGGGACCTTCTATGACAAATATGGTGA
384	1	GCTCAGGTGACATCTAGGGGCCGTTTAGTGTAAGAATATAA
385	1	CAGTAGCTGAGTGCCAATTGCCCACCAAAAGAACCCAAGAT
386	1	CAGAATAGCAAAGGAATGTGCCGCCATGTAACTTTTGCCGT
387	1	CACCATCGGCTCTTGTTGTCCTGTCATCTACTTCCACATCC
388	1	CGTCACCGATGGTAACGGCACCTGTTCGATTTCCGGGGGGA
389	1	CATTTGAATATATATATTTACTAACAAGGAGAAAACTTAGA
390	1	GACGGAATCGCCTTAAAATGCCTGTACGAAGTAAAATATGG
391	1	CGGCCAACTCCTCGGATTTGCCTGAGAACAAAAAAGCCCAA
392	1	TGGAGCTAACTGACGACTCGCAAGGTGAGAGTGAAGAAGAT
393	1	TTCTTTTAATTGTCGATTTCCTTGAAGTACATCTATCATAT
394	1	CGTTTAGATACGGTTATAAACTGTACAATCATTTGCTATCA
395	1	ATTTCGAAGATCAAAAAATCCAGGGATATCGAAAAAAATCA
396	1	TGTATAAACGAATTAAATCGCAAATTATCTCCTTTTCAGAC
397	1	AGATTCATAAAATGTATAAACGAATTAAATCGCAAATTATC
398	1	CCAAAAAACTGGAAAAAATTCCGTGAGTAGAAATCTTGGAA
399	1	TAGATATATCAGGTCATTGACTATTTTGCAATTTCAACAAA
400	1	AGCCAAGATTGGTTGAAACACAGTTATAAACTCTTCAAGGC
401	1	TCCTCCAGTTGCTTCAATCGCTCCATCTTAATGTTTCAATC
402	1	GACAAAAACAAGTGCTCTGCCTAGGTTTGTTATTAGAAACA
403	1	TTGCAGAAGCTGAATGGCACCAAGGGCATATTCAAGCTTTT
404	1	TCTTAAAATATTGGACATGGCATGTATTAATAAAAACGACT
405	1	ATTTTCCTTTACTTCTTTTCCTTTGTCATTATTCGTTTTCT
406	1	ATTTTTTTCTATTGTTAGCGCCGCACCAAAGAGGATCATGG
407	1	CCCAAAAAATCGATGGAACGCTCGGATTTGGCTAGAGGCGG
408	1	TTAATTTCTCTCCTTATTTGCCGTTTCTATCGTTACTAGCA
409	1	GTTAATATCTGGCGTGGACCCATCGGTGGAAAAACGCCACA
410	1	TGTAAGTTTTGTTCAAACTGCCTGCTAATTTCACCTTGGTC
411	1	ACTGCTGCATGAAGGAAAAACCCAAATGTGCATCAACATCG
412	1	TGACTGCGAAACAAAGGGAGCCAAAGGAAAAGAAGTGACAT
413	1	TGAGACAATATCGTAATATCCGTTTAAGTATACGCCGCTGA
414	1	TATAACGTATGTATTAAGAGCAGTTTTACAATATTTGGGGC
415	1	AATTTGAGAGACAGGTTGGTCAGGCTTGGCTTGTCTTAGTC
416	1	AGAGAAGCCTAAGCCTAAGACTAAGACAAGCCAAGCCTGAC
417	1	CACCCACACCAGAGAGAAGCCTAAGCCTAAGACTAAGACAA
418	1	TCTTAGGCTTAGGCTTCTCTCTGGTGTGGGTGTGTGGGTGT
419	1	CCCACACCACACCCACACACCCACACACCCACACCAGAGAG
420	1	CACCCACACCACACCCACACCCACACCACACCCACACACCC
421	1	ACACCATCCAGCATGCAATACAGTGACATATATATACACAC
422	1	AGGAACTTTTGTACATTTTTCCCGACCATGACGGAAATGAC
423	1	ACAAACTCCTTTGTGCGAGACACCTTTTCTGCAGCACCCAG
424	1	TCGTAAGGGTGAATTACCACCGATTAAGGAAGGCTGTATAA
425	1	AAAAATCACCACCAAAATCACCTAAACATAAAAATATTCTA
426	1	CCATTATGGGTGTACCTCTACCTTTAATATCGCTATGAAGC
427	1	TTGACCCGATACAAGAATCACCGTGTGGATCAAGCCATTCT
428	1	AGGTATGGTAACCTAGCATGCCGCGAGTGGCATCACAAGCT
429	1	ATTAATACCAAGCTTGCTACCTAACGAAAATAAATACTTTG
430	1	ATATCTCTTCATAAGTGTTGCGATTACCATAGAGAAGTGCA
431	1	TGGAACGATTAAAAAGAAAGCAAGAATTTAAGAAACCCCAG
432	1	ATATCACTCCTTCTAATTAACTTACATCAGTAAGAAAGTAA
433	1	CGACGGAAAGAAGTCCCTTGCCGTGGAGGCTTTTGCCCGTG
434	1	AACATATTTAGGATATACCTCGAAAATAATAAACCGCCACA
435	1	GCCAGCTCGGTAAGTCGAAGCAATTGTATGTTATTTGAGCT
436	1	CAATTTTATGGATCGTAAAACCGGTACTGCCAATAATCACG
437	1	CTTTTGACCCATTGTTTACACTTGTTTTGCCATTATTAGCT
438	1	ACATTGTTGATTAACTTTTGCCTAATCGATTTTTGTTTAGT
439	1	AATTTTAGCAGAGAAACGCACATAAATATATATATATTGAT
440	1	GCAACCTAATTAGGAAGTTGCCTGTTCCAGAAGGGGAGTTG
441	1	GTTTTTCGAGCCGAAAAACGCCGACTCTACTAGGTTGAGAG
442	1	CCACTAACTCTTCCGTGTGGCCGTCTATTGCTGATGCATTC
443	1	AGGTTACAGAATAAGCCTTGCCCGATTAGAAATTTTTACTT
444	1	CAAGTTACAAGCAATAAAACCAATAATATTTAGATACTGCA
445	1	TGTAAGAAAGAGGGACATCGCCTGAACGAATGTAGAGCACG
446	1	TCTTCTTCCTGTTATTACTGCTTTCATATCTATTATTGCTA
447	1	TAAATTCAAATCCAAAAACGCCGTAAATGTATTGCAAAAAG
448	1	TTAATAGCTAGCGTAACAATCCGTAACAGGAAATTTCGTTC
449	1	ATTATTTTAGTAAAGGTTAACTTCATTTACCAAAGATACAT
450	1	TCCTTTTTGCACAGTGAACCCCTTGACCAGTTGGATGTTTA
451	1	CGAGGTTGAAGATATAAATGCCTGGATTTTAAAAAGCTCAG
452	1	TATATCAATGGATCCTGCAGCCTGCGAAATGTCCTGACAAG
453	1	GGGTAGTACATAGTATTTGGCACTTGTTATATTCTTTTGAT
454	1	GTACAGATGTCGTCACATACCGTGTGTTGTTTGGGTGTTTT
455	1	GCTGCTATTAGAAGCCTGATCTACGCAATAAAAGATTTCAT
456	1	CAGGAGCAGAGGCTGTTATACTAATTCTGTTAATTAAGTCA
457	1	TCAAGATCATGCTCTAAATACTTGGTGATAACTTGACTCAT
458	1	GATTTAGTTATGGATTGGTCCTTTGCTCACAATACTACTTC
459	1	AGCAGCGACAAACGCGGCTTCTTGGCCTCTTTGGTGCAGGG
460	1	AGAATTATAAGTGGTTCTCACGACGGAAGCATTAAGGTCTG
461	1	TAGGTGACTAAACTAAATAGCGTATATATTATATATGTTCC
462	1	ATCTATATATATATATATGGCACTCTGTTACAGTTCCTTAT
463	1	TTGTGTTTTAAGATAAGGAACTGTAACAGAGTGCCATATAT
464	1	GATATTGAAACTTTGGAAAACCTGCACAACACACAGCCGCC
465	1	CAAATGGAGGAGAAAAAAAGCACCAATATCAACAATAATGA
466	1	ATTTAATTGGTAGTTCACTACCTAATGTAGCGGAAAAAAAT
467	1	TGCTGCGGTAGTGAAAAATTCAGGAATAAAAAAACGAAACA
468	1	TGTCTGACTTTCTTGAAGACCATACGACTTAAAAACCCGGT
469	1	TCATTAATTCTCGAAATTTGCTGTCCCTTGCGTGCGCCGTG
470	1	ATTTTCACGAATACGAGATACAGGGTAATGAAAACAGGTGT
471	1	CTGCTGGTGTTGGTGGCTCGCTATTAGCTTTAATATCTCCT
472	1	CACTCAGCCAAGCTTTTTTGCCTTTGGGATTGATTGTGCAC
473	1	TATCGTAGTAGTAATTATTACTAGCTAATTCAAATCTGGGC
474	1	TAAATGTAAAATCGCACCGCCATTGTTACAATTAATTACTG
475	1	AGGAAAAAAGGGTCCAATGCCAAGAAATAATAAAACGGACC
476	1	AGGAGCTACAGAAGAAAAAACGGCAGAATAGAGACGCCCAA
477	1	GGTAGATGAATCATAAAGCGCAGCAACCATCCTCGAACTGA
478	1	AAAAAGAAAAAAAAAAAAAGCGAGAGGGAAAAGTGGCGCGG
479	1	TTATAGGTTTGAAGGAAATGCCTGAAACCGATACTTTCCCT
480	1	GCTATTCAGGCAAAATATAGCTTTTTAAACTTTTTCTAGAA
481	1	AATGAAATCGAGACTCTTACCTAGCTCTCGAGATGAGGAAG
482	1	TGCAATCTGATTCCAGATTGCCCTCACGTGAGGCTTCAGTA
483	1	TGCCTTTACGAATGAGATTCCATAGACATTGAAAGTAACGA
484	1	AGAAAATAAATGTTTGGAGCCATTAAAATGTAAACTAGCAG
485	1	AACCAAATAATAATTAATATCCTGAAACAAAGTAAGTGAAG
486	1	GGGGTCCGCCCCCGCGTGGGCGGACCGGACTATATGAATAT
487	1	ACTCCTTCGGGGTCCGCGCCCCCCGCGGGGGGGGGCGGACC
488	1	AACACTAGTGCTACTACCACCGAAAGTACCAACTCCAACAC
489	1	GCGGCGAGTTCAGATCATCACCAAAAAATCTCAAGAGTAAC
490	1	AATCGATCCCCACGGAAGTGCGGTCATTCTACGAAGACGAA
491	1	CATTATTCCAGCATCATGCACCAGAACAGGAAAATGCCATT
492	1	GCTGTGCACTCGAGGGCTAACTATGATGCCATATTTGAGTC
493	1	GAGTTTTTCAGGTTAGCATGCCGTCTAGTAGAATTAAACCA
494	1	AAGTTTGACATCGAAAAATGCATTGCTAGTAAAAGATAAAT
495	1	GTATATACATCCAGAATTTGCAAGAATTTCACATAACAAAT
496	1	TGGAGTTCTTCCCATACAAACTTAAGAGTCCAATTAGCTTC
497	1	TACTCCTCGTCTACAGAAAGCGGTTTCTCTTGGTTTTCCAT
498	1	TTTTGTCTCCTGATATTTTCCCTGATTTACAAAAAAGACTG
499	1	GACGGCTTCCCCAATTATGCCAAGAAGAGTGATATGATCGA
500	1	TGGGAGATCTATTAAAAATACAAGTTAGCTGAGCGGGGGAA
501	1	GCTTAAATTTAAATTTGATGCAGTAACGAGGTTTTGAGTTG
502	1	GATTTCCTGCATAAATCTTGCCCGAAGAGTATTATCGCTAC
503	1	AAAGTATTCCCTTCAAATCTCAAAGAAGCAATAAATTTGAC
504	1	CGTTAATGGAATTCTTTTAACTACTTTACTTAAATCGGCCT
505	1	TATTTTTTTTAGTTTTACTGCCTTTTTGCTCTTTGGACAAA
506	1	GCATTTTATATTTTGTATATCTTATATATGAAACATAATAA
507	1	CATTCTTCGCTGGGAATAAACGGTAGCAGAAAAACCAGTGT
508	1	CAGAATCAAACTTATAATTACTAAAGATATACCATATATTA
509	1	AAGAAAAGCAACAACAGAGGCAGCAGCAGCCGTCTCCGCAT
510	1	AGAATGGTGCAAGTCATTGACCCCGGAAGAATCCACGTCCA
511	1	ACAGCTGAAATTAATTGCTTCATGCATCTACTAGTCCAGTT
512	1	ATGATAATTCTGGAATATCACCCATGAGTAATTGAATACAA
513	1	ATATATATACTTATTGATATCAAAGTGTGTTACTTTCTACA
514	1	ACAAGAGAAAACAACTTTTCCTCACTTTTCTTCCCCGTCTA
515	1	GAATCACAAGAAGAAACTACCAATGATGGCGATGATACCGC
516	1	CTAACGTGACACAAATGGATCCTGAAACTAAAAAACTGATG
517	1	CTCAAAGAATCAGGACCACTCATGGCGGCCAAATTCCTCCT
518	1	GAGATGGACCATGATCAATGCCGTGATGTGTTGTGCCCACG
519	1	GAGAGCAACCCATCCGAAAACTTGTACGAACATTTGAACTT
520	1	AATATCACCAATAAAAAAGTCAAGAACTACTAATGCTGAGA
521	1	AACAACCAGCAATACGGGCGCCTTTCAAAGGTTGGACGTCA
522	1	ATGATTTATTTATATAATGCCTATAGCAACCTTTATCCAAA
523	1	GTCCGAGAAGAGCCTGCTCCCAGGAATGATATGCCGTCATC
524	1	AAATAATTAAGAAAATAAGGCATTTCATAGTTCTGTCTGTA
525	1	AGTCAATATCCTTCCGGGTTCCGGTAGAGTTGTTGGAGAAA
526	1	ATCTTACAAGCAATCAATGTCAAGAATCACATAATAGATAC
527	1	ACTGGATACTGAAACACGAACTGCACATGTTAAATTTCCTT
528	1	ACTGAACATGTTATATTTACCTGACATACCACTATATTGTA
529	1	ACCTTTGAATAATTTATCATCAGTAACTTTCAATTAACAAA
530	1	AATTGAAAAAAAAAGAAAAACGGTAAGAAAATTTTCTAAGC
531	1	AATTAGCACAAACGAAATGTCAGTGATTAGCATGGACAATA
532	1	TCCTGAGTAGTTTCAGATTTCAGGGTATTGTTTGAAAGAGA
533	1	AAGGCATTATCATACGATCACAAGCCCACTCTAGCAAGCGA
534	1	AAAGGCCGGCTAATTTTACACGTTAGAGCAAAAAAGGGCCG
535	1	TTGCTAGTAAATAAATATGGCTATGTTTCCATTGTTGAACT
536	1	ATCAAAAGAAAAGATTTTTGCCGCAAAGTGTCCTGATAAAA
537	1	TATTTCAAGACTAGTGTTCACTATTTGGAAAAATTCATCCA
538	1	TCGTAGTATCATAGACCTTCCTAATGATGGAAGCGGTAAAG
539	1	ACGTATCCCTCCCTGACTAACTTGTCTAAGGTCTGCATGCC
540	1	AGATGGATTGATTCGTTTTCCATTAAGGGTATCAGGCCTTC
541	1	CGTAAGAAACTATTAATAACCTAGCACCTGCGTTAAATCAG
542	1	TTTCTCTAATTGGCAAAAACCAAGCTCCAATTCCAGTTCTA
543	1	TCGATTTTCCATGTTGCTACCTAGCTTCTGAAAAACTTGTT
544	1	GCTGTTTTGATATACACACACATATATATATATATACATTG
545	1	CATCACTGCTATATAACGCGCCTGTGTTTTCGTTAAATTTT
546	1	TGTACGTAAGATCACATGATCGTATACTGTCACGTGACTGT
547	1	CTTTGCACTCGTCGTCTAGCCTATTGCCTATAAGCATCAAT
548	1	ATCTATTCATGGTTCGTAACCAAAAGCTAAATGCTCATCAC
549	1	GTATTCCTCCTCACAAGATACTTTAGATACTTTGTTGGACT
550	1	CAAAAAACCCTAACGCTGATCGTTTGAGAAGGTTTCCCGTA
551	1	AACGTTATGCGCATCTGAAACAATCGCAACGTATATATCGC
552	1	ATATACTAGTAATGTAAATACTAGTTAGTAGATGATAGTTG
553	1	CTTTTGGAAAGGGATTAACGCCGTTTCCTTAATATCTTCAA
554	1	GCAAGATGAGCAAGCAGCTGCCCTGGCGTTGTTTGGACGAC
555	1	ACAGATTACTGTATATAGAGCAGTAGTAAAGAAAGCTGAAG
556	1	TTCGTGACGTGCTTTTTTTTCCGTTTTTGGTTTTAATGCCC
557	1	CGGCGGAAAATGGAAAAATGCGGTTAAGTACCTTTAATGCA
558	1	AAACATTACAAAGTTCTTTCCTGATATCATTACTGATATAA
559	1	ATTAACATACGGTTGGCGACCTTGAAACTGTTTAATGATTC
560	1	AAAGCAATTACTTATATTTACCTTCACCTTATTTTACTCAA
561	1	TATTTGGGGTTATGCGGACCCAATTTTCCCGGACTACCCTG
562	1	GGAAGATTCCTATACATCTACTTGGGACTGAATGAAACACA
563	1	AAGAAAACAAGCTATTATCGCAATAAGGAGAGAATATCCCA
564	1	TTATATTGTGACAAGAATTGCGTTTACCTTAAAATTTCGAA
565	1	ATAGTTTCTATGTACAAAAGCAGTAACTATGTAATTATTAC
566	1	GGTTTTGGGCCCGATGATAACGGCTATTATCACGCTATGGA
567	1	GATGATAACGGCTATTATCACGCTATGGAAGAACCCTCAGA
568	1	ATTATCACGCTATGGAAGAACCCTCAGAATTTGAACGGCAT
569	1	TTACCATAGCCCGGTGGGGCCTGTACTGCCACAGAGGGTGT
570	1	TTAGCGCAGCCGCATATTATCCGAGAATAACTTCCGACATA
571	1	AATGAAGCAGGAGGCAAAAACGGTGCAAGACTTTCTGAAAT
572	1	TGGCAGTCCTTAACTTGAAACGTGAAACTGTCGACATTGAA
573	1	AGACAAAGGATAAGCACGTCCCCTAAAGTCCAAATTATGTG
574	1	AAGCGAGGTGGTAAAAATTTCGGTAGCTACAATACTGACCG
575	1	TCAAATACCTTCGAAAGGACCTTAGTCATCATATCACTCTC
576	1	GATGACTAAATCTGTAGATACGCTGCTGATCCCAGGCCCCA
577	1	AGGTTTTTTTGCTATCTTATCATTGTTCATATATTTGGGGG
578	1	TGAAATCTGGTTAAGTCTTGCCGGTTCATCTGAAAACTTGA
579	1	AAAATTTTTTTCCTCTATCCCTTTGTTTCTCGCTTACTCCT
580	1	TCAAAGTCATTCGAAGAAAACTTGAAAGGAAAGTTATTGAA
581	1	ACTTTCAACTAGAAAACAAGCCAGTGACGATGGAGGAGGAG
582	1	TGGTTGAAGTTGGATTACCGCGAAATGAGAGCTAGCAGACG
583	1	TTATTTTCACCAATAACTTACCATTTTTAAATAATAATAGC
584	1	CAAGAAGTGGGAAAATAACACTAACTTTATATTGGAAGATC
585	1	TCCGATTTTCATTTCTATTGCATATTCCTGTTCTTCCAAAG
586	1	ATGAATAACTTTGATAACCCCAAGTATTTTATCGATTTGAG
587	1	TTGATTTATTACCCGGCACGCAGCCGTGATCATAGTTACAC
588	1	GAAAACGAAGATTCAAATGGCGTTGTTGATCAAAAGACCAT
589	1	TTACCTCTTTGTAGATTTGTCTAGAAACATCCAAAAGCCCA
590	1	CAGCGTAAGCCTTCTAAAACCAAGGTTAAAAAAGAACAGTC
591	1	GACAATTTATATAAGAAAAACATGAATGAAGGATTGGCCAC
592	1	TTATACAAGTATGGGAAAAGCAAGAGTGAAAGAAAAGAAAG
593	1	TTGCTAATCAAAAAAAAATTCAAGAACAAAAACAAGGTGGT
594	1	TCTTCAGTAATTTTAGAAACCGTTAAGAGGAAAAATGGGCA
595	1	TCCTTCAAAGAGACCGACCGCCGCAGAACTCTTGGAAGATC
596	1	CTTTACCAACAATGAAACTCCAGTAATTATCAAATTATTCT
597	1	GATTCCTATGTTGCCGAAAACAACTTCTAGTATGTTCTGTA
598	1	AGCAATACTTAACAATATTGCGATTACTTGTTCTTACATAA
599	1	TCTATCTATAGAGATAATCTCTATCAACTCAAATGATACTG
600	1	AATGGCGCAATGTCATCACACCCTTTTACAGTCTTTTTATT
601	1	AGCGGATGTGGTGGAAGTAGCAGTAGCGACCAAGTTCGGCG
602	1	GAGAAAAAAAGAGATAAGCCCTGTAGGGGGCTCGAACCCCT
603	1	TGTCTCTACCTCCTGTGATTCTGTCTAGGTTCGGCAGCGAC
604	1	ACCTTCTCGTACCCAGCTTCCCAAAACAAGATTAACGAAGG
605	1	TAACCTGCGTCTGCAAATTGCAGGAATTACTGAAAATGAAA
606	1	AAGCATACATATGAATATTACAACCACTCAAAGAGAAATTT
607	1	TCCTGTTAAGCTTATACCAGCACTAAAAAACAAAACAAATA
608	1	TATAAATAGAGCTGCTTCAACTGTATGCTTTTGAGAATATA
609	1	TTATAAAACCCTTTTCTGTGCCTGTGACATTTCCTTTTTCG
610	1	TATCTCTTGAATTCGTACAACATTAAACGTGTGTTGGGAGT
611	1	GCGGAGAATTCACAAATTTGCAGACGCCAACAGTATACGAC
612	1	CTTTGAACATCAACTTCTCTCAAAACCATCCGCCTTCAGCG
613	1	TCAATTTGGAGAGACTTAGGCTGAATATTTCCGCGTTCTCT
614	1	GGATCGAGATTTACTGAAGCCTCACGTGAGGGCAATCTGGA
615	1	ACCAAAAGACATATGACGCTCGTATGGTATGTTAAAAACAA
616	1	ACTTTTCAACAAACGTTCAACAGTGATGGTCTTCCCCAGTG
617	1	AGTTTCTAAATATAACTTTACATTTTGTTATGCAATCTTCA
618	1	ACTCTTGCTTTTGCTTCTTCCTCTTTTTGTTCAAGCCAGCC
619	1	GTTTTCGCTGCAGAAAAGGACATATGGTGGTAATTTGTATA
620	1	AGTTTTAACTCCTCGGATATCTCTCGAGATATTTTGCTATA
621	1	ACAGGTCTAGTCAGTTTTAACTCCTCGGATATCTCTCGAGA
622	1	AGTTCCAAAGCTTAAATCCTCGAAGAGTACTGCTTGCATGA
623	1	ACCTTATTCCAAGATCATAACACCTTATATACTCTCAACTT
624	1	AAATAGAGAACAAGGAAGAACGATGAAAAACCTTATTCCAA
625	1	ACATAGGAACTTGCGGAAGACCCTAAAACGGTCAATGAACA
626	1	ATCACTGTGGTGTTAAGAACCTCATTTCTTTTGAAGACGGT
627	1	CATTTTTGGAAATATTATCGCTACGATAGATAATGTGATGA
628	1	CACTTCAATAGAAGACAATACCTTTGAGAAAAAAAGGTACC
629	1	ATACTGCAAAACTCACTTCACTTGATTGAAAAAAAGTTGCT
630	1	AAGCAACACTAATTCAAAAGCCCGTTTAGGAAAGATCCGAA
631	1	TTAATTTATTGTTAAAAGTCCGAAAAGCGAGAATGCATGAA
632	1	ATTAAAAACAATGATACTTTCATCAACTACCTATACACCCT
633	1	ATGATAATATTAACCTTTTTCTAGCAACTGAAAATACAGAT
634	1	AAATGTACCGTTTTGACCAACGACTTCCATAACGTAGGTAC
635	1	CATGAGTGTTTGCAAATCCGCAGTGACAGGACAAAAGTAGC
636	1	TACGAAACTAAGCAATATGGCGTAAACACACAAAGACTAAG
637	1	CTTTAGTAATAGCAAAAAAACAGTAATAATTTTTCTTTAAC
638	1	TAATGGGCATGAACATTCGACTAATATACCCTTGAGATGCA
639	1	CAAGATGCCATCTACCTTGACTATTAATGGAAAAGCCCCAA
640	1	ACCAGTCCTGTGTTCGCTGCCTTGAATCATGTAAGGATAGC
641	1	CTCAAAAAACTCTGGTATATCTTGACAATTAAAATCGTAGT
642	1	ACTACAGGCTAATATCGCGCCACAGGCTGAAAACAGATCTG
643	1	CCTCTCTGTTCGAGGTTTTCCAGTTTGAAAATATTGAGGCA
644	1	GCCAACGACACTATAAGATGCCCGTTACTGAACAGGGACTC
645	1	GGACGTAACTGTTTCAATAGCAGTACTATCATCAACAGCCT
646	1	AAGAGACCACCAGCCCGCTCCTAGATTCTGTTTTAGATGGA
647	1	GCCGCTCCACAATTACCTCCCCCTCACGTCCATAATCAGTC
648	1	TTAGCCAACAAAAACAAAAACAATAAAGTCATATAAGGGTT
649	1	TTTCAACTCCTCGTCAACTGCCCGAACCATTTCATTGGATA
650	1	TTAGATATTCCAAGAACTGTCAAAATTTTCTCGAAATCCGA
651	1	CCAGACAAGACCTTCGAACACTTGAAGCTATTCTGGTCCAG
652	1	ATTACGATGCTAAAAAAATGCAAGAGAGAGAAATTACTGCC
653	1	AAAATAATGAGGCCAACGTTCCAGCGCTGGCATTCTATATG
654	1	CTGAAAACAACAAAAAAAAGCCTTTTCTTATAATTTGAAAG
655	1	GCACGTCAATAGATCCTTAACTAAGTAGATTTTTTTTGTTT
656	1	TTTACACACCCGAAAGATACCGTCACAGCCCATATACTCAG
657	1	ATCATCGTCTCAACCTAAGCCTCTTCTCACGAAGGCACGCT
658	1	GACAAGTCTTCGTTGACTACCTTGTTAGCAAAAAACTCCTC
659	1	TACAAGGGAACGGAATGTCCCTTGTACGTTGTAATGTCTTT
660	1	TGTCAATATTACTTTTTTTCCTTCCCATCTCATCGCAAAAA
661	1	AACATAAGCCTGAGACGATCCTGGAACGTCATAATTGATGA
662	1	CAGTAATATAAAAAAAATTGCGATTTTAACTTCCCTAAAAT
663	1	CTTCTTGACGAGGACTCAAACCGTGAGAGAGAAATACTAGA
664	1	ACATAAATATGGTTAAAAAACAGGAACATTGTTTCGCCGAC
665	1	CAACGGCGTTGGCTTGACAACTGTCCCATGTATCCTTATTC
666	1	CCAAACTATCTATGAACTCGCTGTCTTTAATAACGTCCAAG
667	1	ACACTTCTTTTTGGATCGCGCGCCAGCGTCACAGCCGGCGT
668	1	AGAAAAAGAAAGACGCAGCGCGCAAACGTGAAAATATCCAC
669	1	CAGAAACTTTTCATAAGATTCAGTAAAGTCTTTTTACTACT
670	1	TCAGGGTTATATGTAAAATACAGTAGGGCATAGCATTATAT
671	1	ACTAATAATTTCAATAATTGCAGCCTTCACATAGGGTGTGC
672	1	ATATATCAGCTACTCAATTGCCCAAACAGCTTTGGAGAAAT
673	1	AAAAAGAATGAAAAACTTGGCGCTCTTTGCATTCGTTGTGC
674	1	TCACAGCAATGAGAAATCGGCACTAGTATTAATAAGTGCAC
675	1	TAGCTTACGCTCATAGGCGGCAGTAAACGATGATTAACCAT
676	1	TTGTTTCTTTATAACATTAGCTTACGCTCATAGGCGGCAGT
677	1	CACCAGGGACCCACACATTACCAAAATCAAAATTATTTTTC
678	1	CGGGTGCTGGAAGTATAATACATGCAAAATAAAATGGGCAC
679	1	CATATATCTTCTCAAAAAAACTGTGTACTATTATCTTTTCA
680	1	CTCAACTACATGAAAAAATGCCGTAAATATTAATAAACAGT
681	1	AACCGCGACAAATTACCTATCGTATTTTAACTTTCTTCAAC
682	1	CGGAGATTGCTCATACAGACCATAAAAACAACAGAAAGTCT
683	1	AAGCAAGCACGGTAGGTAAACCAGATATGCACATAAATTAC
684	1	AATGCAGCGTAAATATAGAACAAGATTACTTGTTTATACGA
685	1	AAAAAAAGAAATGCTTTTGCCACTCAAGAAGTAATGCTCTA
686	1	ACTCCAACTTGCAACAAGAACTGTAATCTATTGAGTACCTT
687	1	GATGCTTTCTTCAGGGATACCATGTATTTGAATTTTGGTGA
688	1	ATGTTTGCATATGTTGATTACAGTATATATAATAGTACACA
689	1	ACCAATGTACTGAAAAATGACCCTAAACTACTTCTAAACCC
690	1	GATCCTACTTACAGAAATCGCAAGGACATAAACTGGCAGTC
691	1	TTTTCCAAGCCAGAATGGACCATGAGCTATGTTACGCTTTT
692	1	CTATATAGTTCTGTTATTCACTAGTTTGTATATTGTACCTC
693	1	ATTTATTGCAGGGTAAAACACTAAGATTAATGAACGAAGCG
694	1	GGTGTTGTGTCATTGACTGACATATTAAGTGTTTTGGCAAG
695	1	GTAGTTGACCCGCAGGGAAACTTGATTGGTAATATTTCAGT
696	1	ATAATAGTCAAGGAAATGCACAGTACTACAATAACAGATTC
697	1	AATTTAGAAATGTTAGTTTCCTTCTATGAACTCTCGTATCC
698	1	TTAATTCGCACAAAAAAAAGCCTGCATTGTCACGAGAACAT
699	1	GAAAAGCTCCTTATAAAATGCATTATAAACTTCAGAACCGT
700	1	CAAATAAAAGATGAATGATCCGGAAACAATCAATTTGGCCA
701	1	ATTCGCTGCCAATTGTTTAACTGCTCCCATGATTCTTGTGT
702	1	ATAATATCTTTTGTACAATACTAAAATACATCATTTTTTTT
703	1	GATCCGGATTCAAATTTTTTCCCGAATTATGCTTCATCTGC
704	1	AAATATGGAATGGATCAAAACGTTCTTAGGATTGTGGTGGT
705	1	TCTCTATCATTTACAACAACCTAAAGAAATAAATTTAGCCG
706	1	ATCGTCTTGATCAATCTTTACGTTTTACCAAATAATCGCCT
707	1	TTCCGCATTGAAAGTAGAAGCTTGGTCTTCTTTTTCTTCGT
708	1	AACTTTGTACTAAAATTTCACTAGAACTACTAAAATCTGCT
709	1	AGAGGAAGCTAAGAAATTACCTTGTTAGCTTAAGGTTCCTG
710	1	ATAGTGACTGCTTAAAAATGCAGGAACTTAAATTATTCCGA
711	1	TTCGGTTTTCAGAGAGATTCCATGAGAAATATGTTTGACCA
712	1	AACTAGCTATAAAATCTGAACCAGATGATTTAGATATTCGT
713	1	GTTTCGTTGACCTTATTTTCCATTGACCTTTCAGCTGCATT
714	1	AATAGCTAAACATAAAATAGCATTACCTAATGGATTCCATT
715	1	GCAACCATTTCCTTTTTTGACTTAAGAGGTAATGTTGTCCA
716	1	GACTGTGGAATTGCCGTTCACCACACTCGAGTGGCATCTAA
717	1	AATTGGATAATGTGAAAAATCCCGTAACAAAAACACCGGCC
718	1	TTCTGACTGACGAAGAAATACGAATTGCAAGGGCCAGAAAT
719	1	TGGCTATCATCAAACTTAGCCTTGCATCTCATATTTCGACT
720	1	AAAATCCCACGAGCCAGCTGCCGTCTAAGGATATTGTAATA
721	1	CACGTAAGACGATGCCGATGCCTGCGCCTGCGCCTGCTCGT
722	1	CGTGAAGATTAAGATTTTCCCCTTCGAAAAGAACATTCGTT
723	1	ATGGTACTTTATCTCCCTCACACTCCCGCTATGGAAAGTAA
724	1	GTTTATTTTCTATTATGTCCCAGTCGAACCCTATCTTACGT
725	1	AGGCTCTGGTTAATCTGTCACCAGATTCACCAACGGAGATG
726	1	GAGAAAATTTGGTACCATCACCCTAACGGAGAATGTTGACA
727	1	TAAGTTTATTCTCTACATCACTAGTTATTACAAATTGGTCG
728	1	TTCTTTTCCCCTTCCAATGACAAGTATACTAACCAACTGTT
729	1	TTTTTATTGTTTCCTAATAACTTCATTTGTTACTTTTTTGC
730	1	TCAAGACTGGTGTTTTTGAACCTGAGTTTACCGCTGATGGT
731	1	TCATAAAGACTATTATGTACCTCTCTTTTTCTTTTTACTAC
732	1	CCTTGCTTTCTTCAATTTTACTACTTCTTGTTACTCCTAGT
733	1	CTCCATCCACTCGAAGAGCTCGCAGTACTTGATGGACATCT
734	1	TAAAAAGCTGATTGTATGTGCCTACGTCAATTCCATTAAGC
735	1	AAAAGCAGGTAAAGTTTTGGCATTAGGAATATTTTCTTTCA
736	1	TCTCTCTGAAATAATCGAACCATAGCCTCAATTTAGCCTTT
737	1	TGCTTATCAATTTTATGTCACCCTAAAACATCTGTACGTGT
738	1	CCACTAATTAAGGTATTTGGCGTAAATTGCTGAATAATGAA
739	1	GGTAAATTGCAAAGAGATTCCACCCATTTGGAAAAAACAAG
740	1	TTTTTTTTTGGGCCTCATTACAATGTAAGAGGTTATTATGT
741	1	AACCATTCAGAGTGTAGAACCTAATGCTACTGATCACAGCA
742	1	GTGGCTGATACATTATAGAACATAAAAGTGAGCTGCAATGA
743	1	CCTTCTGAAAGGGTATTCCGCCGAAACGTCATTTCTTCCTT
744	1	CCTAGGAAGTTCAAGCACTACCGCTTCAGGAACTACAGCTA
745	1	TCTTTCCTACAGGTAGAACTCAACACATCAAAAGTTCTTCC
746	1	TACCACCTTTACGGAGGCCTCCCAGGGATGACTTAGGTGCC
747	1	GACATTTCCGTGTAGAATGACAAAAAAGCTAGAATATTACT
748	1	ATTTGTAAAAATCCATTCTTCGAATACTTTGACAAGATATG
749	1	TTGCATTTGTCTTTTTCTTGCTTCGTATCTTTTTTTCGACT
750	1	GTTTTATGTACCAATATTTACTCAATCAACAATTTATCAAC
751	1	ATTTTCGCTTTATGGAAAAGCCCTACTTCTTCATCTACCCA
752	1	AACTTTTGTATGTTTGCCGCCGTTTATGGTCTGGTTACGGA
753	1	CCACCTGGATTGTATAGTTCCAGCTTAGCATAAATTTGTGG
754	1	TATTTTGAAAAAAAAAATTCCGCCCTGAATATTTCGAGTGA
755	1	CGGTACTAAATACCACGACACCTGAACTGTTTGAGAAGGAT
756	1	AGCGAAAGTGAAGCTGAAACCAAGAAGGAAGAATCCAAGGA
757	1	TTTAGATGACTATTTCTCATCATTTGCGTCATCTTCTAACA
758	1	TTCATTACAAGATCCACAGGCAAAGTATACATTAGATAAGT
759	1	AACACAATTCTTTTCTCAAACTGAACTTTCAAGAAATATCG
760	1	CTCGAGTAACAACAATAATACCAATCATAGCGCTTCTTTTA
761	1	TCTCAAGATCATTTTGATTGCCTGTTCGGTTAAATTGGTCT
762	1	TCGGCCGAGCTATACGAAGGCCCGCTACGGCAGTATCGCAT
763	1	ACGAATCTACGGCTGTTTTCCATCAAAAGGATTTCATCCTT
764	1	CAGCTTTTTGGCGTTCTCATCAAGAACTTTTAATTGACGAG
765	1	AGTTTTCAAAAGTTTGAGAGCCATGGATTGTTTAATGGATT
766	1	CTGATTTAGCTCAGAGTTTACCAAGAGAGGGAAAACTTTTT
767	1	GCATCTATTACTATAAAATACTGGAATGATAAAATTAATTC
768	1	TATTTGAGTAGGTACATTTACATCTTCGGGTAACGCGGTGA
769	1	GCCTGAAACCTCATAATTTCCTCTAGAGACGTGAGAAGGTA
770	1	GAACTGGAGTTCAAAAAACACATCAATGAATTCAGGTCATA
771	1	GAAGCAGGAGCCAAAAAATGCTGTATTATCTATTTCAACTA
772	1	TTGAGAGGGATTTACCTGACCATTGTTGCTGTTTAAACGTT
773	1	ATGGCTCATTTTTAAAATCACAAGCTTCGTATAATTGCCAA
774	1	TGTAGTAATATGTTTGATAACGGGGATTTTCAAACCGACAG
775	1	CAGTTCGATACCAGCAATCCCTTGAACACTGTTGTCGGCAC
776	1	AGAAGCAAATTTTTCTAACACTAAATGTTATATTGCATCTG
777	1	GCATGTATGTCCATCTTCTCCGCATCCGAGTAAGATTAGGT
778	1	AATGGTCGGAACCAAAGTAACTTGGTTTCTCGACGACGAAG
779	1	ACACTCGTCTTTATACGAAACTGGCTCCGTTAATCACGACA
780	1	AACATACGCTGTAAAGAAGACAGTTGTCATTTATTTATTAT
781	1	AATAATCTTTCAGTTGTTGACCCGTAGAGCAGAAAATGGAA
782	1	TTTATCTTGATACGTCGTTACTTACCTTTTTTTCCAATATA
783	1	ATTCAATATAGGGGTTACAGCTGCCTAACCTTAAAGCGTGT
784	1	TTGTTTTAGATATTTATTTCCTAACGTCAGCTTTAGTTACA
785	1	TTCTTTCAGCCAGTCCAAAACTGCAGCAGTATTGTTACTGA
786	1	TTCTTCCTTAGTCCTTCCTTCTCGCCTTTCCTCATTTTTCT
787	1	GGACTTTTGCGGCATTGTCCCTGCATCTTCATCCTCTTCAT
788	1	ATTATTGCATACTGCAAGTACTGAGTACGTTAACGTTGCTA
789	1	TCAGTAGGCTTAATGCTCCACTAGAATTTTTGACCAGCCAC
790	1	AACATGAATGTAGCCCAAGTCCGTAAGGATAATTTAGTGCT
791	1	AAATGGACCCAGTTTGCGTCCTTAGATGCAAATCGAGTAGA
792	1	TCAGAAGATGAGGGATGTGACTCTGATGAATGTGAGTGGGA
793	1	TTTGTGATTGATTTTCAAGGCGCAGATACCATTGGAACACA
794	1	GGAAAACTGTGATGTGAATACGACTTCTAAGACAGTAAATA
795	1	TTTATGGTTAAGTGGTAACACTGGTAATTACTTCAAGAGAG
796	1	AAAAGAAAAGTTACAAATTGCAAACACACTCATAACGAGGG
797	1	TCATGTGAATTTGCTTAGTACAAAAATACATACAAATATAA
798	1	TTCAAGAGGCATTCAAAAAACGGGATCTTCTACGGTAACTT
799	1	TACAAAGCAATGAAAAAATTCTTCTATTATGCTTAGCTGAA
800	1	GTCTTTTCCGCCCTTTTTTCCTTCTTCAATCTCTTCTCTTC
801	1	TTTTTTTTCTTTGACTGTTACCCGGTTGTTTATATTTGTAG
802	1	GTTGTAATTTTTGGCATGTGCTATTGTATGAAGATAACGCG
803	1	AGAAAGTGGCAATATTTTTCCTACAAATAGATCTGCTGTCC
804	1	CTGTTTGCTGCTTTAAATTTCAGTGGCGAAGAAATTGAATT
805	1	CTTCCACTGGACAAAGCTGACCATAGCGGAAACTATACCGG
806	1	AGATTCATAGAACCAATTTACTTGCGAATGTGAACAACCTT
807	1	TGCGAATGTGAACAACCTTTCAACATCATTTCAATACCATT
808	1	ATAGGGTGAAGTAAAAGTATCTGTATGACTATAGAGTGCAG
809	1	CTAACCACTCAATTTATATGCACTTATGTCAATATTACATA
810	1	CACATACTTACCCTGCCACTCTAATCCCACCACCACATGCC
811	1	TACCACTCACCCACATCCACCACCTGTTACCCTCCAATTGC
812	1	TAAAATCTGCGTCACAATCGCCTAAACAGGAAATATTGCCT
813	1	TGTTACGAAATAGCGAGTGCCAGGCCGAACGACAGCTCTAC
814	1	TGGTGACGAAGAGGATCGATCCATTACGAATGAAGAACCCA
815	1	CTTTTCCTCTATGGTATTGACGTATACTTCTGCCCAGAGGG
816	1	GAAAGAGTAGGATAAAAAGACAACCTATAAAAAGTAAACAT
817	1	ATATTTTAAGCGTAGATTTCCTGTGACAAAACTGTGTAAAC
818	1	ACGAAGTTATTAAGTTTTTGCCTGCATTTGGAAACCTGCTG
819	1	CTTGCATTTTGTATGGGGAACTTTATATTTAAAATTAAGGC
820	1	TACAAAATGCAAGTGTACAGCGCGGCCACCTGCAGAAGTAG
821	1	CTCTCCACCTTCTATTGCATCATGTACTATTCAAATGACTG
822	1	GAGACCGTTTGCTACACGTTCGCTGTTGATAGTCTGCAGAG
823	1	CGATAACCACCCTTTGTATACTGTTTTTGTTTTTCACATGG
824	1	CATAATAAGCTGATTGACACCTGGTATTCTTTGTAAAGTTT
825	1	ATTCAATAAAGTTAATAAGACAGAACCAAAAATTGGATCTT
826	1	GTTTGTGCTACGGGGATGCGCCCAGATGATGACGAGGACTC
827	1	GAAGAAAAAATATCTAATTGCATTCCTATATATATTTATAT
828	1	TGCCTTTCCTTCCTGATTTCCTCTTTACTATTTTTGGGTCC
829	1	TCAAAATTTTGTGGCTTAAACACATACGTTAAAATAGGAAT
830	1	ATAAAAATGGCTGGTGATAGCAAAGCCACCAAGTTACCTGT
831	1	CTCTCTCACGTTTTCGACTGCCCCATTAGCATTCTGATGAG
832	1	TTAGCTATTTTAAAATTAACCGGAAAGGCTAATCCAATCAT
833	1	GAGCTTTCTTATTTGTTTATCATTTCGATAAAAGGGGCAGT
834	1	ACTTTTCCTCATAACGCTCCCGCCTCGTCTCCAGCATACAC
835	1	AAAAAAAGGAGGATGATAACCTGTTAAGGCTAGTGAAAACT
836	1	GAAACATTTGCACCGTTAAGCATTGCAATGAAAGATGCAGA
837	1	ATTCTAATGTCATTCCCTATCATTGACTTTATTGGTATCGG
838	1	CAAAAAGTTTCATATTCATTCGTCCAAACCTTTTTAAAAGG
839	1	TGAATATGAAACTTTTTGTTCTATGATTTGCCGTGAGCCTA
840	1	GTATATTCCGAAGATCCTGACATAGTCGCACGAAACCCGGG
841	1	TATATGTGGGAAATAAGAAACAAGCGTAATTCTCTCAGCTG
842	1	TTCTCTCAGCTGAACAAGAACTGACTCCCATGGTATTTTTT
843	1	AGTGCACGAACTATATTATCCCGCAAATTCAGGGAAAAGAA
844	1	TAACGAAGGAGAGGTATTATCCAATTTTGGAAATATCCGTA
845	1	GTTCGTGTAATGGTACCCGACACTCGATGAGACTTTGTTAT
846	1	TTTCAGGCGTATAAAAATAACAAAGTCTCATCGAGTGTCGG
847	1	GAGACTTTGTTATTTTTATACGCCTGAAATTAGGAAGAATT
848	1	TCAGTTAAGGAGCCACCTTCCATGTATTCCATAATGACCCA
849	1	GCCTTGTGTTACGGCAGTGCCTCAGTCTGCCATCTAAAGTT
850	1	CGGCTTGCCACGTGACCTGCCACAGTGTTCGTAGTCACGTG
851	1	TGCAGCCATGCCTGAAAGTGCTGCCTCTAAAAATGAGGCCA
852	1	CTGCCAGGGAAGGAGTTTGCCAGTAACAAAATATGTAGAAA
853	1	TCAAGTGCGTATTACTATTGCAAAGTAGTATTTTGTCACGT
854	1	TAACAAATTATGCATTCAAACTGTTATGTGATATATCCCGT
855	1	TAATACGTGGAAGTTAATTGCTACTACAGCTCTTATATCGG
856	1	AACAACGTCCAGCTTGCCTCCATTAGAGAGGTTTTTCACAA
857	1	CTGCTGTTTTCGCGAACATCCTGGTACGTTTTTAGGAGGTA
858	1	TTTCTCTCTTGGCGTCTATCCTGTTTGCCCTTGCGCATGCT
859	1	CTAGCTCAGTACCCAGTTTACACTCTCTAACAAATGAGCGC
860	1	ATATTCAAAGCAGACAATTGCTTGGCAGCATTTTCTGCCTC
861	1	AGAAATGACTCCAAGAAATACGTCGTTTCTTTCGACGAATT
862	1	TTGATATCTTCTTCACATTCCATCACACCACACCATGGTGC
863	1	AGTGTCTTGACAATCCTAATCTGAACAGTCTTAGGGAAGTA
864	1	AAACGGTGTATTAATTGCAACGATATTAATCTTATAAAAAA
865	1	TCTAGATGAACCAAAAAAACCTACAACAAAAAAGGGTGAAC
866	1	TTACGTGACAAAGAGAAGACCTGTGTTATTGAAACTGGAGG
867	1	ACTACCTAGCCAACTGCGAACCAGAGAAGTTTTTCCAGAAT
868	1	TGCGAACCAGAGAAGTTTTTCCAGAATGATCATCCCCCATT
869	1	ATAATTAAAAGAAAAAAAGACAAAAAAATAGGATAGCCAAC
870	1	AAAAAAAATGTCGTAGAGATCGTCTATGCTTGCCTTCTTTG
871	1	GGCAAAACGGCTTCCTCATCCAACAACGGTAGTACACCGGT
872	1	AATACTCCAGCTTTGAAAAACAGTTTAGTATTACCAATTTT
873	1	TTATTTTTCAACTGGTTATTCAGTGCTGCCTTTTCTTTCTT
874	1	AGCAGTAATTTTACCATGTTCGCTAACTGCGTCATCTCTTT
875	1	GCTGTTACCCAATCCATATGCCTTCAGTACATTTTCCACAT
876	1	GACTTCAACTGATTCTTGGCCCTGGAGACTTCGTCTTCAGT
877	1	TGTAAGCTCTAATGCCTTTTCGTGAGGAACACCAACAAATG
878	1	AGATGAAATAGAGCAAAATTCCCTAAGACAATAGAAGATAC
879	1	CACCTAGCTGAAATCCGGGCCAAGGAGTACAAAACCTCATC
880	1	CTTAGTATACAAGGTGATACCATACACCAAATGTAAGGCAA
881	1	CTGAACAAGCTCTCCTTGTCCCCAAATCCTTCTACGGTAGC
882	1	CAATGTGTGCAGTCAAGTTCCCCGAACCCAAAAATATCAGT
883	1	ATTTGAAATTGTACAATATGCCTATTTAGGGATATCATTAA
884	1	CGCAAATTTAGCAATTAGCACACCAATGAATAAAACAATAA
885	1	CGACTAAGCCCGTTAATGAGCCCGCCTTATCTTTTTCATAT
886	1	CGTGCTGCCCTGTCATAACGCATGCATTCTTCTTTTACAGT
887	1	GAAGCCTTAGATATATTTCGCAAAAACAATCTTGTTAAAGA
888	1	AATACATTCGTGAAATAAATCCTTGAAAACAATGACTTCCT
889	1	TATTATTTTTTTTGGTTCTGCTGTATATGACCTTTTCGATT
890	1	AAAAAGCTGTTGATCTAAACCCTGAGTATCCGCCAACCTAT
891	1	TACTATTGTCCTTAATTGTACAATTTTTACATTTGGAGGCC
892	1	GTAAGAAAACTGTTCCATGGCGCTCTAGTTGATGGAAGGCG
893	1	TTATCTCCGGCGGACTTTTCCCTTTCCGTCTTTTTTTTCAA
894	1	AGGAGCTGCTAATATTATCACTTATTATTTGATCTTTGTTA
895	1	TTAAACCTATGTGTTATTTGCATATCATATATAAATTGTAG
896	1	GATAAATCAAAGATTTTTACCTACAACTACTTATACTATTA
897	1	AGTACAATTGGCAAAAAATTCAAAGTCGCAAAAAAATGGTC
898	1	TATGAATTTTCTGTAACTTCCCTGTACGAGTTCCTTTTCCG
899	1	AGCAGCCTTCCTAGTTCTGTCAGTAAACCAAAGAACATGGG
900	1	AACAAAAGATTTCGATAGCGCCGCACCATGGAGTTTATATT
901	1	TAATTCAAACCTTGATTGAGCCTGTCCGAAAACCTCTTGGA
902	1	AGTCCCTAATCGACTGAAAACTGTTCTTAGTTTCACAAATA
903	1	GCAGGTGGAAATCTTGTTGGCATTTTCGAATTTAAACCAAG
904	1	ATACTTGGAGGGCTACTGTCCAAATTAGACAAAAAGTGCCT
905	1	TTGATGACTACACGAGCTAACCCAACAGCCCTTTTACGAAA
906	1	AAACTAAAACAATTTTTTTGCCCCAGAGGAAAGTTTCGAAC
907	1	TTTTTCATGTTTTCTTCTCACCTTTAGAAGAAAAAAATTTT
908	1	TGATTTCATCAAGTTCGATGCCGGTAAGTTGGTTTACGTTA
909	1	ATGGAATGGTGAGGTATAAGCAGTGATTATGAGACGTGATA
910	1	GTTGACACTCAGAGAAAATTCAGGATTTATTGTAATCTAGC
911	1	GCCATTATATTGCAAATTTGCCAGGGTCACAATGTCGTTTG
912	1	CAATATTCAGGGTAAAAATCCAAGTTATCTAATTTTTTTTA
913	1	GGTGAGAAAATCAAGATTATCTAAGCCGATGAAAAATGAAA
914	1	CACAACTTTCCGGCAAATCACGAGAAATACCATAATCACCA
915	1	AGCCAAAAGTATCATGACAACGTGGTACAAATTGAGTAACT
916	1	CGCCGCGCAGGCACGCCGCGCATCTCTTTTTCTCGAAGAAA
917	1	TGGTAGGCCACAAGGTACAGCCGTCTACAATGTGTGTGAAT
918	1	TAATGAATAGTTAATTTTTACGTTTAGGTGATTTTGGTGGT
919	1	CGTTAATGGTGATGTGAGTGCACTTAGTACTGATTTAGTGA
920	1	TCACACTCCAATCCATGGCCCATCTCTCTCACTAAATCAGT
921	1	ATGGACCTACGTTCCGCTCTCGAAAAGACCAATATAATAAA
922	1	AGGTCTTTTGAAAAAATTGTCGTTTCCGTCATGGTCGGGAA
923	1	AAAAATAATTGACGAGCTTACGGTGATACGCTTACCGTTAT
924	1	CATCAACGTCAGGACTAGTGCGACTACCACTGCCAGCATCA
925	1	AATGCCACTACCACTGCTAGCACCAACTCCAGCACTAATGC
926	1	CTCGATAGGCTCTTCAATCTCATCTATTGTTTTCCAATTTT
927	1	ACAGGTAACCGCTGGGTCATCTCCTATCTAACTTTTGGTAA
928	1	TAATAGGATTCTAAGAATTGCAGAAAATTCAGCTATGTTTC
929	1	AAATTTTGCCGCTGTTATCGCCGTTTTTGTCCACTGCATCT
930	1	TTGAATTTTGTTCTCAAGAACTACTCCACCATGAGAGATCC
931	1	GTTCGGTTTGGTTCTGAACACATTAGGGTTATTCCTTTATG
932	1	TACAAGGCAGATATTTTTTCCCTGGGTCTGATGATTGTTGA
933	1	CCTTTTTTTCTTTGCGATAACTTGCTCTTGTAAAAATCCAT
934	1	TGCCATCACTAGAGCATTCGCGTTAAGATACTTTCACCAAG
935	1	TTCAGCCAAATTCTGATTTTCAAGAACAGGCAAAAACTCCT
936	1	AGTGAATAAAAAAAAAAAAACGTTAAAGGTGATATTGATCA
937	1	GGCGTGAAAGCTTCTCATCTCCCATTGTTTTTATTTTTTCA
938	1	GGAAATATTGGGTAAAAATGCGTACACACATAAATCTTACT
939	1	AACACAATGCTAGTCGCTAACCACGACAAATTTCTTGCACC
940	1	ACGTCTATACTACGCAATGACTGAATATATATAATGCGTCG
941	1	GATAAAACTAACATTAGGAACCCGACAACAGAACAAGCCAA
942	1	CAATTTCCACTGACCTGGAACTTCCTCATGAATCATTGACC
943	1	GAAAGTCATGGTCCGAGTCACAAGATAATCCATTACTGTTA
944	1	TTAATGCACATTGCTACTGCCCTGTTCGGCTTCAGTATAAT
945	1	TTTCGATAAGCTTAAAAAAGCGATTCCTGGTATTATCAAGG
946	1	GAAATCCATAACTATATTACCTTTATCTTATCTTGACCCCC
947	1	AAGGTAATTCCTCTTTAGTACCAAATGAACTAATTTTCTCA
948	1	CCAGAATAGAAAGAATCCGCCCGTAAAAAGAAAAATAAAGC
949	1	AACTGTGCAACCATCGGAACCATCTCCGGTGAAAGAGCCAT
950	1	AAAATAGTTGCATCCGATGGCGCTAACGTTCAGGGCAGCTG
951	1	CACAAAAACTCAAATAGCCGCCGTAACATAAATTATTGGAC
952	1	GGGCGAAGGGAGATAATTAACTATAGCATCTAATAGAGGCT
953	1	TGTTTCGACAACGTTGAACGCCTGTCCTTTTAATACTGCCC
954	1	TCCAAATTGATAGATTATGTCAGAAATAGTACCATACTTGA
955	1	GGTACTTTTCATAGTATTTGCCTGAAAATACTTTATAGATT
956	1	CTAGACATACCGACGAAAGGCCGTTCTGTGATTGCTGACTT
957	1	TAGAAGAATGAAACTCCTGCCTACTAGGTACATTAGTTGTT
958	1	AAGGAGCTTAGATTACAAACCTACTGTGAGAAAAATAGTTG
959	1	GTTTGCCTCATCAGATTTTGCGCTGATGTGGATGGTAACAG
960	1	ATTGATGTTTCCGAGTTTGCCTCCGATGAGGGTGATGAAGA
961	1	ATGTATCTGATAATTGCTTTCCCTCGTCTACAAACAGTAAT
962	1	AAAAAGCAAACAATCAACAGCGATTACTATTAAAGAAGCTT
963	1	TTTCCAGAGCCTCACTTTACCTTGTTCGTTACCCACGGCCA
964	1	GCAATTAAAATGGTCCTAAACTTACCACGTGAAATAGGTTG
965	1	CCCAAGCTTGGAAGAAAACGCGCGCAAGTACAATCAAGTTA
966	1	AATAGTGTTTCTTCGGTTACCTAGTTGTCACTCATAGGATC
967	1	GATGGTGTCAAGATCGCTACCTACCAAGAAAGAGACCCAGC
968	1	CGCCGTAAAAGAGTTTTGCGCCGTTTAGGATTTTGTACTCC
969	1	AATATGAATAATTAACATTGCCCAAATCATGCAGTACAGTG
970	1	ATATATCGTCAAGCATTATCCTTGAGAGGTCCAAATCTATA
971	1	TTTTTGAATTGTGCAGAATTCATCTTGGCCCCGGAAATGAC
972	1	CGGATTTCGCATAGTTGTCGCGTAAACAAAAAACACGAGAG
973	1	AAATAGCACGAGGAAATTTCCATGAGCTGTTAATCGCAGAG
974	1	GTCCAAGAGCACCTCAAGGCCCAAGGCCAGGTAACTGGGAC
975	1	TTTTCTGTACTGGCCGCCGGCATGCGAGGGAAGCAGAAAAT
976	1	AACTTGATTGGCGTCTAAACCATCAACAGTGATTTCGTCCA
977	1	ATCCAATTCGTCATCATTTGCCTGAAGATATAACCACCATT
978	1	GAACAACTACATGCAGTTTCCCGCCACGAGGCAAGTGTAGG
979	1	ACTTTAATAGTTGGTAAGAACTTGACAAAAAAAAACACAAT
980	1	GTCTCCATGATGTAAAAAGACTTGGGAGAACAGGACTGTCA
981	1	CCTGATTGCAGCTGTAAAAGCAGTAAAATCAATCAAACCAA
982	1	CAACACTGTACATCATTATGCGTTGATGACATCCCTGTCAC
983	1	TATCATTAATACCAATTATCCTTAAATTGGATATCGAGGTT
984	1	CTTGTTATTACTAAGTTGCGCCGTTCCGTCGTCCAAAAAAT
985	1	TGCTTTCCCAAGATAAATTGCGTAAACATATAATTGTTACA
986	1	GAAAAAAGTCAATTGAAGTACAGTAAATTGACCTGAATATA
987	1	CAGATTTATTTATTTCTTTCCTTTGTTGACTCTTTCTTAGA
988	1	ATTTAGGTAAATTTTTTTTGCCCGATTTTTGGTACTACTGC
989	1	AAAATATTAACCTCTGAATACTTATTGGGTCAAAATGAATG
990	0	TAAAAAATATGATATAAAAGCGACGTTTAATATCAAATACT
991	0	GAAAGGAAAACCTCTTTTTACAGAGTGAAAGAACTCACCTA
992	0	AGGGAACATAATGTTAGAAACCCATAATTTGGAAAGTCCTG
993	0	AGAAACGTTTGTTTTAAAATCATAACTTAAGCTACTAATTT
994	0	GTCAACTTCGGAAGGTATGGCTTCCCACTCATTTATGGGTA
995	0	TGGTGTTTTTCTTTGTCACTCACAAGTACAGTCACAAAAGT
996	0	CAGAGGAGGCAGTAGTAGGACAAATGATGGATGGAAGATTC
997	0	GGGTAATGGAAATTTGGATGCCTTGTTTGAACCCTTGAAGC
998	0	TGGTAGTCTCGAGTTTACTACTACTCTTGACTCGGCAAATG
999	0	TTCATTTAAAAAGTTTAAAACTCGAACATCATATTCAGACA
1000	0	TTGTATCAGATGTTGAGGTTCTGGATTTTTATACATTGAAT
1001	0	AAAACTAAATGCAAAAACCTCCGAAGACTCCAGTAGCCAAC
1002	0	CTACTCAAAACTGATATAAACCCCATCTCATGGTATCATTG
1003	0	TTGATTTTTTACCACTTACACACATAAGTCTTATACTTGCC
1004	0	CAAGACTAGTAAGTTTTGAACATGTATAAGATATTGTTGTT
1005	0	CTGTTTCCTCATCTGGTTTACAAAGTGTGGGTGAACCTACT
1006	0	GGCGAAGTTTGTCCAAGATTCAGGATTAAGGGATGGTGAGG
1007	0	CTATAGTTTGGTTTTGGTTACTGAAGCGTAATGGGTTTATT
1008	0	GTAAATGGGTATTTGGGAGACACAGGATCCGGCAACTTGTG
1009	0	ACAGTAAAGCGAGACCACTTCGCAGAGGAAGGATTTGAAGT
1010	0	GTTTTCATTAAACATGATTGCTGATGGGTTTCATAATTCGT
1011	0	TCTCTGCTTACCGGTGTTACCAAAGATCGAATGTACGTTCA
1012	0	ACAACATTTTCACCTATCTTCCCTACGATATTCTTACAATT
1013	0	AATCAACACGCAATAAAGTTCCTAATAATTTGTAACCCTTC
1014	0	TTTGTATATTGGTAAAGATGCAGTTCCGCAGCTACTGATAG
1015	0	CAAAACGTTGTCTTTCATAGCATATTATAGTATTGTTGACA
1016	0	GATGATTCTTTTTCTGGAGACGATAAGCAAGTTGTTGACGT
1017	0	CGACCCTTCATCTACTATCACTGTATCTGATGTCTACCCTA
1018	0	TGTTTTACAACACAACAAAGCTACATGTTACATTTTTGGGC
1019	0	AGGAGTATGATTAGGAGCCTCAGTGGCTAATGCAAGATACC
1020	0	ATATTACCTGCAATTAATTACTATGTGAGTTTCCTTAAATA
1021	0	TTTTTTGTTGCAAAAGATTTCATACGTGAACTTGTCAAAAT
1022	0	TTATTTTTTGGATGTGTGAACCTATAGTAAATAGTATAAAT
1023	0	GTCACATTCTTCTTGTTTTTCATGATCGATGGAGAATTACC
1024	0	AAGGCTACTGACTGTTTGAGCTCTATGGGCAGAAACTAAAA
1025	0	AATAAAAACACACCGCTTTGCACTTCGTAAATTGCTTTCAT
1026	0	GCCATCGGCCCTAATAGTTTCGAGAAGCAGTTTCAAAAATG
1027	0	CTAAAACAGCACCTGCTGCTCCACGATAGTAATTCCTAGCC
1028	0	AAAGACACCATTCGTTGTTGCTTTGAATAAAGTTGATCGTC
1029	0	GCGTTTTGACATTTGATTTACTACAATATTTTGTTATACAT
1030	0	ACATAGAAATCAAAAAGCATCAAAACCAATTGTAAATTGTA
1031	0	AATTTCACAGTGTTGACTTACTGTTTGCTATAAAGTATTTA
1032	0	CAAGGATACGGATGATTTTTCCATCTGCTTTTTTGATAGCT
1033	0	CTAACCAGAGTAATTTTATTCCCGCTTTGGATGAGCTAATG
1034	0	TTGATGAATTTGTTTTTTTACGAGGATTTTGTTAAATGATA
1035	0	TGTCCAACAATGCTCGTCAGCAATGACCAGTTTTCGTTGTC
1036	0	CTTCCAAATCTTTGGTTGTTCTTTGAGATGAAGGACTTGTG
1037	0	GATATGCCCACTGTGAGTAACCAACAGCTTTGGTTCGCGAA
1038	0	AAATCCATGTTTGAAATCTACGCGTAAAGAAACAATGTATC
1039	0	CGGCCCTGTAAATTCATATTCTCGAGTACTGCATCCATTGT
1040	0	TCTCGAGAAATATGGGAATACAATCCTCTTACCAGCTAGTA
1041	0	AACGCCGATCTCGATTCGATCAACCTCCTTCGAAACGTATG
1042	0	GTTATTGATTACTAGTTTGTCTTCTCTAAATTTCCTTTTTT
1043	0	TTCGATATCTAACACTAAGTCTTTTATAAGGACTTTTCGAA
1044	0	TGCATTGCTTCCATTGCTATCTGATCCATATTTTTAGGAAC
1045	0	GCGTCATCATGTGGAGGAGGCCATGAAAATGGCACGCCGCT
1046	0	TACCTTTTTTTTATCTCGTACATGTCATTCATTAATCCAAT
1047	0	AGTTGAGCCTGAAGCTGGAACTGTCACTACTACTGTCTATT
1048	0	TAACTTTGACATTTGCAAGGCCAAAGCTTCACATTCTCTTT
1049	0	ATTTTCTCTTCGTAAGCGTTCTGTTTTTCGTCAGACTCTTT
1050	0	TAATGACATTTTTTGTTATTCCTTTTCATAAGGTGGTACGT
1051	0	AGACTTCGGTTCATTCATAGCAGCAATACAAAAAATTTGAG
1052	0	CATCAGTCTAATAACAGTAACTACTTATTCTTGATATTTTC
1053	0	AAGTAAAACGCCTTCTAATTCATTCAATCTATTTTCGATTT
1054	0	TAGTGTACATTGGTTAAAATCAAGAATCGCAACATCAGTAC
1055	0	CGTGCTAAGGCCTTGCATATCTTCATCCAGAGGTACTAAGT
1056	0	CAATAAACAAACAACTAAACCTTTTCAAAAAATAAAATAAA
1057	0	TAAAGAGGATGCTAGGCAAACTGTGCAAATGCTAAACAATT
1058	0	AGAGCGTGCATGATGATGGTCCCACAACTGAATTAGACACT
1059	0	TGATCTCGCTGATTGGTGTACAAAAGTGTTGGTTTACTTTC
1060	0	ATTTATTCCTGTTTCAAGTACGGTTCTAATGCCTACAGTCA
1061	0	AGAGGAAGATAAATTGAATTCCTTACTTGGCAACATCAAAG
1062	0	TCTTCTTTTGGATGTGGGGTCAAGGAACCATGTGATTTAAT
1063	0	CTTCAATGGACAAAACAGCTCGTCTTTGGCATCCTGTTCGC
1064	0	TACAAAATTCTAGTAGAGTACAAGCCTCTATACTGTATGAT
1065	0	GAGTTTATGGGCGTCTAGTACAGCTCTGAAATTGCAAAGCA
1066	0	CAAATAAGCTCATAAGGGGACTCTTCAATGCTTCCATTTCG
1067	0	ACCATGACATACATAAATTGCCCATTTTCTCATTAAAAAAT
1068	0	ATGTTTTTTGACAATCGACGCCGCGACAATGCACAGGGTGT
1069	0	TGATCGCTTGCGTCCTTTATCCTATCCTCAAACAGACGTCT
1070	0	GCATTTGGACGACTTGTTGTCTGCTCAATATAACAAGGTTT
1071	0	CTACCGTGTACCCGATTTGTCTCGTCCGAGCTTCAATGAAG
1072	0	GTAAGAGAAAACAGGTTTCTCGGTAAAAGTCAAACCGACAG
1073	0	CTTGTATAAACGGTCTATTGCTTATTATATTAAATTTTCCC
1074	0	TTATCAAAGACTGAATAACTCACATTAGCATGATGGAAATA
1075	0	TTCCTCAGAAATTGATGAAGCTTCTGAGCTTGAAAAATTTT
1076	0	TTAGTTTGGCATAATCTTCGCTTCGAAGCCAGCATTCTCTA
1077	0	TGGGGCTTTTTCTTTTGTATCATTGAGACTTTTGGTGCTAA
1078	0	TTTTTTTACGATCAATAATACAAGTTCTTCATCATTTTTTT
1079	0	TCGGCATTCTTCTTATTGAGCTTTTCAGTAAGCAAATTAAG
1080	0	GTTATTTTTTTTTTTTTTTTCTTCTTTAGTTCCGCTTGGCA
1081	0	GTAAACATACTTCAAGAATTCTTCAATGTAATTCAACAAAC
1082	0	AGTTAAAGAAATTATTATTACATTGTACTAAATTTCCATGA
1083	0	TGCCTTATATCAGTGAGCCACGGAACGAAATGACCGACTGA
1084	0	TACTGAAGAGGATGTTGGGACTGATGACTCTTGTAATAAGA
1085	0	TGCTTAAAAGCCAACTTTAACATTCTTATTTCTTACATAGG
1086	0	AGAAAAATTTGCTTAACTTTCTATACAATGGAAGGATGGAT
1087	0	ATCCCCTTGAGCGAGTTTTTCATCAATTGAAGGTCCATTTG
1088	0	ATTGACGACTAAATATTGAACCAAAGCAGAACCTACCTCAT
1089	0	TTAAGTTCCATACTTTTTATCTCCGTAACAAATGCCAAAAG
1090	0	TATAATACGCTGTAGTTTATCTATCGAAAATAATAACATAA
1091	0	AATGAATGGTTTGGTGGTGGCCAACGAAACAATCGACACTG
1092	0	GCGAAAGGATCACCAACCTTCAAAGTCTTGGCCTTGGCAAC
1093	0	GGTTCGTGGAACATGAATGTCAAATTTTTTACTAGCATGGC
1094	0	TTTTTTCGTACGGATCATGACAGTTATTTTATCGTTCTCTT
1095	0	CGTTGCTCCACCTAATGTTTCAGGGTCTCCAAGTGAAACTC
1096	0	TCATTTTAGAGGAAATGAGACTAGCAATTACTGTATACATA
1097	0	AGATTCGTAAAGCCTTTAATCATCCCAAGACGAGGTTATAA
1098	0	AAACTTTTGCTCAGGAAATACCCTTTAGACATCGCGGAACA
1099	0	TTCTTTTTTGTTCAAATGTTCAAGAATTTCGAGTTCAGTTA
1100	0	TATCCGAAAACCCAAGTCGTCTCTCCGGATTTGGCTGTAGA
1101	0	GTCTCCTCCTTCCTACTTTGCTGTTATACTTAAACAATGTA
1102	0	CGATGATTCTTTTGTTAAAACTGCCCATGTAATTGAGACTT
1103	0	GTAATCCATACCATAGTAGGCTTTGAGAGAAAGCCCAAGAT
1104	0	TATGTACAATCGTACTTTGACAATATCAATCAATTGATCAA
1105	0	TTATTTTAAAGTTTATAGTGCTGGTCAAAGAATGCCTGGCA
1106	0	GAAAAGAAAAAATCTTCAATCATATATAGTTAATAAATCTT
1107	0	TTTTAGAACATCAGGTAATTCATAATCGCCAAATAAGAATT
1108	0	GAGAGGTGGGGTATTATTGTCTACATCATGATTTCCTGCTG
1109	0	ATTGTAACGGCATGTTTTTGCTTTTTTCTAATTCCTCTGTT
1110	0	TTAAATAAACCAAGTAGGTACCATGGCTGTGTAATTCACGT
1111	0	TATCGAGTATGCATTAGATGCCTTTCCAGTTATTCGTGGAC
1112	0	ATATTTATACGTACACTTATCGTCCTGTTCCGTAAATCAGG
1113	0	AGCTCAACCCCCTAGTACTGCTGAGCTTCATGTTGATTTAC
1114	0	CAGCACGCCGCATGAAAATGCCTCATAATCTGTTTCAAAGC
1115	0	GGAGGGGCGATGTCAGGTTACTAAAAGGAAACCATTAATTT
1116	0	TATTAGGAAATATTCATTTGCTTAGTATCTATTATAGTAGT
1117	0	CTTTACCGATGCGATGAACACAAGTACTCAAACCATTAGCA
1118	0	CCAACTATTATTATTTTTTTCTTTTTCATTCTTCCCTTTTT
1119	0	GTATTCTATCACTTTAGTTGCAGAAACTAATAAGGGTTGCT
1120	0	TTATAAGTAACGCGACACTACTTCTTTCATCGTAAAAACTT
1121	0	AAAATCTTTATATCTTAGTTCTCCAGGAACCTTTAATATTC
1122	0	TACATCCGACGTTGATGATTCCTCGGATTCTTCTTCAGATG
1123	0	CTAGTCAATCAAATATATGGCAATGTGAAATTGTACATTCT
1124	0	GGAAAACAGGCACAACGTTGCCATAAAGACGGAATCGAGCT
1125	0	AAGTATCTTCGTTTCTTAAACCCCGATTTACAAGAGTTGTC
1126	0	CTGTCGATGGTATGGGTTTTCCCAAGGATGCTGCCTTGGGT
1127	0	TTCAAAGTCTGGATGAGAAGCGAGATAAGCTTGAAAGTCAA
1128	0	ACGTCGGATACCTTACTAGGCGAGACCAAAAAACAAATTTC
1129	0	CCCCGTTTACCTTTCCAAAACCCTTTTAAAACGTAACCAAC
1130	0	CTATAAGGGCAACACAATTTCGTTTTGCAAAAATTCGCTTG
1131	0	TGAAGATTGCTAAATGAATGCAGAGAATTTTGAGAAGTTGG
1132	0	GCAATATAGCTAAGTCTACTCTTTTATAAAATTTCAAATGT
1133	0	ATGAGGCTAGTACCTTTGATCTGTTACTACTTGCGAACATA
1134	0	CTGGATTAGGAGATTCAGTACCTGAAATGGACATTGGTTTT
1135	0	TTCTGCGCCAAAATTTCAATCCAAACTTAAGAAAAATGAAA
1136	0	TAAAATATGTACCAAATTTACATATGCATATATTGATGTGT
1137	0	GCTGGCTTAGCTATTTTATACGAAATTATGTCGAAACCCAT
1138	0	TCCCACAGACATGGGAGGATCCGAACGTAATAGATTCAAGA
1139	0	AACCTATCTGGGTCTTTATACGTTCAGCATCTTTAGTGTAA
1140	0	TGAATTTCTAAAAGTTTAATCACTATTATAGGTGCATCGAC
1141	0	AACATCCCTCGTGAGAGTCTCGCTTGGCAACATTGGTAAAG
1142	0	ATAGAAAACAACGACATACCCTTATCCATGACCTCCCCAAT
1143	0	AATTGAAGAGAAATTAGGTTCAAGAGCATACATCATTCCAG
1144	0	TTTATGAAAAGGTTAAGAGACCAAAAAAAAAAAACCAATAT
1145	0	TCTCCCTGTGTCATAGCAGCCCCTTTGTAGACCCAACGCTC
1146	0	TGTTAATTCCTTAATATTTTCAGAAGAATTTACACTAAATG
1147	0	GTCGTTGTTATTAATTTTTACTCGCTAAATCTCTTAATCAG
1148	0	CAATAGTTTTCTCGGAAGAACCAATTAAATTATACTCTGAC
1149	0	AGAAGAACTGACGGCCCATTCAAAAATTTTACAAGCTGCTA
1150	0	ACTGTAAGCACTGTAGTATTCTTCATTAGCTCCAATATGTT
1151	0	TACAAGTATGACCAGGTTCCCATGTATTCAATATGTGTTTT
1152	0	GGGAAGATAGGGCAGAGAAACTGAATATCAGCATTGCGGAT
1153	0	CGTGCTTTCAGCAAGATAAACTCCGTTCTTTTTACGGGTGG
1154	0	GGCTGTTGGGATTGTAACGGCATGTTTTTGCTTTTTTCTAA
1155	0	TTAAACGCAACAACTTTAAGCTTACTAACGCAGTCTAACCG
1156	0	CTCATACAGTGCTGTCAGCTCACTCAAGTCCAATCGCACCA
1157	0	GCTGCTGAGACTCATGGTTACGTTGGATCTGATTTGGCATC
1158	0	TTGTATGGAATCGAATAGATCTTTAGTTAGGCGTTTCTAAT
1159	0	TTCCATAAGGGCATCAGCAGCAGGCAAGAACTTGCGCATAA
1160	0	CTCTGATGATTATATGTTTTCCTCTCCCGATTTTGAAAAAG
1161	0	ATTTATTCCGAAACTTGAAGCAAAATATTTGAATAATCTTT
1162	0	TGTGATGAGACTTTTTGTTTCGCTGAGAGCAACAACAAATA
1163	0	AACTAATCACGATTGTATTGCACAAGAACCAATGAGACGTG
1164	0	CAGTTAAGTCAAGAATTTATCAGGGCAAACTTTTTAGAAAT
1165	0	TTGTACTCTCGGGAATTTTACCAGCAATCACATTAGGTTGC
1166	0	TTCTTACCGCTTGACGGAGACGTTGAGTCCCCTCATCCAAC
1167	0	TATACAGTCAATATTCAATACAGGCTTGTTTGGACTGCCGT
1168	0	AATGCTTCATTTCTTTCGATCCTTCTTCACCTCTGATTTGG
1169	0	AAAAACCTCGTTTAATGAATCTGTATCTTCCCATTATGTTA
1170	0	TTTTTTTTCTCCTTTAATATCTATTAAGTCGTGCGTTAGTA
1171	0	AATGAAAAGATGTTTGTTAACGGTAGTATTTCTATTATATT
1172	0	CAAAGGAACTGTCTACTTAACTCTATGAACAAAGCTTCTAA
1173	0	GAAGCATTGTTAGAATTGGACGAAGTGCCAGTAACAGCAGC
1174	0	ATGAAGATATGTATAATAAACTGTTAGCAGAAGAAATAATC
1175	0	AAATGGAGCATTCTTCTTCACTCTCACTAGTTATACCTCGT
1176	0	GGACAAACTGAGCGTACAAACCAAACTGTGGAGAAATTACT
1177	0	GAATGAAAAGACACTAAAACCTTCTAACGTTCCCATAAAAC
1178	0	AGACAGGGGTCGGATTGATTCCTTGGTCTCCTTTAGCTAGG
1179	0	TTCAGCATCACGTCGTGACACAAATCTTCGATCAGCCTGCG
1180	0	AGCAGGCATTTCGAGAACTTCATGGGGGTGTAAAAGGATAA
1181	0	ACCGCATTATCTGAAATTGACCGTGTACAAAATTACTTCAA
1182	0	GCTTTTGTATAGGGTGGCTGCAGCCGTAGCTGTTTAAGAAA
1183	0	GGTCAAGCATACTTGATATTCAAACAAGTCAATTTCGAAAG
1184	0	AGAAGAATTCATTTGATCATCACTCTCCCCACTCTCATTCA
1185	0	AAGAGATTGACGAAGAGATGCTCGACGGAGAAGACGTTGAA
1186	0	CATGTCCATGTCCAAATTATCAACCCAGGAAGCGCTAACTA
1187	0	TCATTAGAAGATATAAATATCCAAGTTTGGATACACTTCAA
1188	0	TTGAAAACCACTTTACTAGTCAAAACAATTGATGGATTTGC
1189	0	GGCATCATGTTGGTTGAGAACATATTCAAAAGAGGAACTCA
1190	0	ATTGTAGTTTGAAATTTATACTCGAAATTGGCTTGTCTGGA
1191	0	CTTACCCTACCCTAAAACAACAGGGCTTTTACAATCACTTT
1192	0	TGTTTCTAGCTTCAATTTGACAGCTTTTGCCATTCGTAGTT
1193	0	TCTGAGGACATGCGTGAAATCCCTTCTTTACCGAACGAGGA
1194	0	CCGGTGAGTTTTTTTAGAATCGAATGCGTTTCAATTATCAC
1195	0	AACCTCTGTATCCGGATTTTCAATATTCTTTTTCTCTTCTT
1196	0	GATATGATTCAAGCCAAAATCCCTACATTACCCAATTTATG
1197	0	AATCAAAGCACTAATTAAATCAAGCAGTGGAAAGATCCCAG
1198	0	CTGATTGAATTCCAAAGAATCTAACAAATCATTGATTTTCC
1199	0	TTGGAATTCCAAAAGAAAGTCCCATTAAAGCGGCAGTAGCG
1200	0	GATGCTTTTTATTTATAATACGCATTTCTGGGTATGTCAAA
1201	0	TATCGGCATGCATTAAGTTGCTACCGTTAAACATCTTAATT
1202	0	ATTTAGAGATTATGTATGTGCTCATTAAGATAGTTATATAT
1203	0	GCCTGGAAGGAGTTGCTGTACAATATTATTGCAAATCATTA
1204	0	TTACTTAAAGAATGTAGATACAAAAATAAAAACAAAATTTT
1205	0	TTTTTATGAACTTTGGTACTCTTGTTTCAGTAAATTGTGTG
1206	0	CGGAGGTAGAATCGTACTTTCAAGCTCTGTATGAACGACGC
1207	0	CCAAGACCTTACCGGCAGTTCCCTGGTAACGAGGCCTGAGG
1208	0	TTTGATGGATAAATTAAATGCAATTCTCCAGGAATTGCCTA
1209	0	AGGCTAATAGCATAAATAGGCATTAAATTAATATTCGTAAC
1210	0	CCGGTTCATCATGCAAAATTCCATGTTTTAACAGTTGTCAT
1211	0	ATGACCTGAAAGGTTAAGAGCTTTGGAAGGCAAGGCAGACT
1212	0	TCTCAGTTGGACTCGATAAACGGTTTAAGAGGGTGTATCAA
1213	0	TTCAGGAGTGTTAGTAATTTCATTACAACTTTGGCACATCA
1214	0	CGACTTCGTATCGCTCGCTTCACCGTATCGCTAAACTCCGA
1215	0	AATGTTTTGACTATGAAGCGCATACCTTGATGTTTAAGAAA
1216	0	GCATTATGTCTCGATTGAAACTTGTAAATAATGTGTCTTGC
1217	0	CATCAACCCTAGATAATTTGCAATCAAGACGATAACTGGAA
1218	0	ACAATTCCTCGTTTATGCAACGCTTGCAAAGCAAGCAACAA
1219	0	AAGTAGTACATACTTAGAGTCCAGAATTCGTGCCTTGTTGG
1220	0	CTGGTTGAAATTATTATATTCGTTTCTTGCATCGATTGTAT
1221	0	ATGGGGCCTTCTTGGCATTGCTAGCTGTGTTGCATTTGGTA
1222	0	GGTGCTGGTAGCACGGCGCTCCCAAGCAGCATAAACCTCGA
1223	0	AATATGCATTTTTCGAGGAACCACATAAATCCGTGAAGAAA
1224	0	ACCAGCCTGAGCACAAGAGACATGGTGTACTAGACTTTGTG
1225	0	CGTATAGAAAGAGAGGGTGTCAATCGAGTCAAAGATTTCCC
1226	0	TTGCTTTGAATAAAGTTGATCGTCTTTACGGTTGGCATTCC
1227	0	TTGCTGTATAGCCTCAACAGCAACTGGCTGTGGAGGTCTTG
1228	0	GTTATAGTAATACGTTATTACTCTAAGTACTATTGTTTTTT
1229	0	AGCATTGATCACACGAAGGACGCTCTCCCGAACACTTAACT
1230	0	TAGCGTTAACTGTAGCTGTACATTTCTCACAAGCAAAATGT
1231	0	CAAAATAGATCCAAATGGATCTCGAACAGGACCCTTAAAAC
1232	0	TGGTAAAGTCAACCAATCTTCTATTTATTAACAAGTCTCTT
1233	0	CCTTTTGCATTATTTGTGTACCCCTATATTGGATATGTATA
1234	0	AGGATTTTTTCCATCATGCACAGATGCTCACTATCTTCATG
1235	0	ACGCAAAAGTTTTGTAAATACACCATCTGTCCATTCTCTGG
1236	0	TTCAGATCTCGCCTATTTACCGATCCAATTGCTAGTGCAGT
1237	0	GTCTGTCTTCAATTTTGATTCAGATTCAAGCAATGTATTAT
1238	0	TCCCTGATCTTCCTAAGAGACCTGCTTCAATTGCTCCCCAA
1239	0	CTCGCTTTTCATTTGCTTTGCTCAACTTGTTGGTTTTGTTA
1240	0	ATACGTGGTCGAATTTTAAGCATATTAAGTGGATCTTTCCC
1241	0	TTTCTAATCTCTTAATAGTGCCAGACTATATCCCCATATGC
1242	0	TAAATGTCTCATAATTATTTCGCTGTCAGTTTCCACAATCG
1243	0	ATCTCCAGTTGCTGAAGAATCGTATAACAATGTTCAACGTT
1244	0	GGATCATCATTCACCGTTAGCGACTTCTTCGAGTGAGCATG
1245	0	GTCTAATAAAGCAACGTCCTCATACTTGACGGAAATGCTTC
1246	0	TGTTCTGGCGAAGAAATGGGCTCTCTAATTAGAGAAGTATA
1247	0	TGAAAGGTTGCATGTCAACGCAAGCCCTAGATTAGCCTGTT
1248	0	GCAGGAGTTGCAAATAATGGCGGTGAGCAGCCATCTGGTAG
1249	0	CTTTTGTTAAGGATTGCCATCATTATTATCCTTTCTACCTA
1250	0	GATTTCTATTTTTCCAAGGTCCATTGTCGATGACTAAGTTT
1251	0	TAGACAAAAGTCTTGCGTTTCCAAATGTATGGAACGCTATA
1252	0	GTTTTGCTATTTCTCCATTTCAATTTCGGTGGTTGCGTTTG
1253	0	TCCCTTATATTCATTAAAATCGATAGTATACTCCATGAGTA
1254	0	TCGTTGCTGTACCTATCAATCGTTTCGACGATTACAACGAG
1255	0	CTATAAAATGTTTTGTTGTTCAGGTATATGTACACACACTA
1256	0	TCGAACGTAGCATAAGTATACATGTATGTGTCAAACTTGTA
1257	0	AGTTAAGGTACCCATTTTTGCGATATTTTCAGTTTCCAACG
1258	0	AACTTCCATGTAAAAAATTTCGATTTTAGTGTGACATATAT
1259	0	GACTTGTTTTTGGGTTAAAACGGTGGTAGTAAGGTCACTGA
1260	0	CGTAAGTGCCCTCGAGCCTCCTTCCTCCAATTCTTCCTCTT
1261	0	TTATAATTTATCTTGTAACGCAGTTTGTTTATCACATACTC
1262	0	GCATTGACGATGTTTATAAGCGCCGTCATGTATGGTATCGC
1263	0	CGCCATAAGTCACGATAACACATAATAACACAATCCTATTT
1264	0	ACCTTTGCTTTAACATTGGACAAGGCTTTTAGTGTCAGCCA
1265	0	ACAAAAAAATAAAAGAGTATCTTTTCAGCGAAAAATGAAGT
1266	0	ATTTAAAGAGCGCCAAACTTCCCCAAACGTAGATTACAATT
1267	0	AGGTTCGTCTTCGCGCTTGTCCTTTAGGCAGTGTCCAATTT
1268	0	GTCAATCTTTCATAGATTGTCACGACAGCAGCCAACTCCAT
1269	0	TGTCAATAGGCATCTGCAGTCTGGAGGGAATATTGATATGG
1270	0	AAAGAGTTCAAATATATTTACTTTTCTTTCAACTTTTCTGT
1271	0	AAATTGTCGAAACAACTTGACTAAGGGGGCTTGAGGTAGTC
1272	0	TTTATTTTATTTTAATTGTTCTTAGTGAATCACTTAATCTT
1273	0	TTTAGAACTATTTTTAATTTCTTAAAATAACGCTTTTATTT
1274	0	ACAAAGCTTTGGACCTTGATCTTACTTACGTTTATAGCGAG
1275	0	ACACTATCACCGATGGTGGTCACTCTGACTGGGTTTCTTGT
1276	0	GATATTTGGGGATAATTAAACAAGGAAACTAACAACAATAT
1277	0	ACAGAGATGCGTATAACGTACGCTCTCTTTCTACCGTCTTT
1278	0	ATTTTGAGAATCATATGCCTCGATTGCACTTATTAAATTGG
1279	0	AAATAATGCATGAAAAGAAGCCTTTGTCCTTCATTTAATCC
1280	0	CAATTGTCCCGAAACATTGACGATTGTATTTTGGAGTACGG
1281	0	GAAATGCTTACAAACAATAACGCACCATTAGAAGTTTTGAT
1282	0	AAGAGTGGTTGCACTCTATCCTTATAGAAGCAGCTTCTCCG
1283	0	ATTTATGAAGGAAATAGTTTCTGCTAATTTATAGGCTTTTC
1284	0	ATTTCTTTGCGATCTTATTGCAAAGCATCATTTCTATGCCA
1285	0	AAGAAGTTTATGATAAGCTTCCTCAATAGACGGAGGTGTAG
1286	0	AACTTCGTCAACAAGCACTGCATCAAGGCTACTGACTGTTT
1287	0	GATTAAATCTTGTGTAAATGCGTGTTATCCAGGGTTTACTC
1288	0	TAACGAAAACAAACCTTAATCGTCATCTAGATTGGTTTTTT
1289	0	CTCTACAATATATATATTTACTTGTTCCGTTCTAAAAAAAA
1290	0	CATTCCTTGAAATATATATACCTTCCTAGAAGGGTAAACAA
1291	0	GGCACCTTTCAAGTTGGCTGCCGCAGGCCGTGGTTTCATGA
1292	0	CTTTAGGATCTTGGTTTCTTCAGGGTTTGCAAATTCTAAGA
1293	0	TGCACATGTTAATGAAAAGACTCTCTGCGCATATGGATGAT
1294	0	AATAGTCAAGCAACAAGATACATTGACTACATACTTAAATG
1295	0	GGATGCGTTTCAAAAAAGTTCCTTTCTGCCTCAAGAGCTAT
1296	0	ATTGATAAACAGTTAATCTACACTACTACTCTAAACATCCT
1297	0	ATTTTCCGCGAAATAAGTATCGTTTATCCAAATCCTATTAC
1298	0	GGTCAGTGACATACATGATACCAAGTAGAATCTTTGGTTGC
1299	0	GGGAACTCCCTTCGGGTTGACTGTAGACTTTGAGACTCTTC
1300	0	AAGTTTACACTCAACTCATACGAATTACAAAAAAGCGGATA
1301	0	GAACTTGAAGGCAGGAACCTCCTTGTTGATACGGTCGATGA
1302	0	TAACTTACATTTATGATTGGCTGAATATTGTATGCTTCTTC
1303	0	TTAAGAGACATTGGTGGAGACCTTGCTGAAAAACTTGCATC
1304	0	TTAAATTCAGTATCAAAGTTCACAATGACTTTTGATACCAA
1305	0	AGATCAATGTGATTTTGTTACGAAACAACTAGCAATTGCCT
1306	0	GAAGGTTTCATAAAAGGAGTCGAAGAAATAGATGATAATGC
1307	0	AACATACGGTGTACAACATACCAGATGCAAACAATAAAGTG
1308	0	ACCATAGCTCGCTTCCCCCTCACATGGGTGTGGATCCTTCA
1309	0	CCATTAATGTGTTTGATGTTCAGGATCAAGATTCTGCTTCA
1310	0	CCATCAACATAAAGTGGTATCTCAACAAAGTTAAATATAGT
1311	0	TGAAATTGATAGTGAGTTGTCATATAAAACCAAAAGTTCCA
1312	0	TTCTTTTCTATTTTTTGAGACATACGATTCTCCTCGGTATT
1313	0	AGGTCCGATTGGTACCCAATCAATAATACGTTCAATCTCAT
1314	0	AGGCATGTCCTTATATTGGTCAAACTTCAATTCCAAGTTTT
1315	0	AGGCCTTATAACGCTTAATACGCTCTTCCTGAGGAAGACCA
1316	0	GGAGAGAAAAACAGGAAAAGCTACAGTAATTAAAGATGCCT
1317	0	GCGACAATAAACTACAGTTCCGTTAGGTTTATCTTCTAATT
1318	0	CTCTTCCCTTCCCTTCTTTTCTTTTTTTTTTGTCAATCGAA
1319	0	CGAATTTGTAAATATCTAATCACTTGTAACCAGCCAAAAAG
1320	0	ATGATCCTAAAGAAATATATCTGCAGTATTTAGCTGCAACG
1321	0	TCGGTAGGAGTGTTTTAGTACTAATATTTAATAATAAGCAT
1322	0	GAATCAGTGATGGAAGAGTGCAAAAACACAAAGTCTACACT
1323	0	TTTAAAGTGGTTATATAAGTCAATCGGTGTGACTTCGGCAG
1324	0	GAAGCTTTTTTGACTTGGAACTTGTTAAAGAAAACGATCTG
1325	0	GAATCAGTATCTATAACAGTCTTCTTTCCAAATCACCAACA
1326	0	AAATCAATCACAAGAAAACGCTTTCGAATCATAATAGCAAT
1327	0	TTGTGCAACATCCAAATATACTAAGTATGGAGAATATCCGT
1328	0	ACAAACAACTAAGCTTGAAACAGAGTATGTAACCAAATAAA
1329	0	TAAATCATGTCTTCCAAATACGATAAATGATTTGAAGGAAA
1330	0	CAAATCTAAAAAGGTAGGATCCATTCCACTAGAACGTACGA
1331	0	TTACCTTAACAAGTTTATAGCATACTCTGACTGTAAAATTC
1332	0	GCTAGGTACACTAATTGAAACTTTTTCTCATTTCTTTTACG
1333	0	TTCTTAATCCACTTTCAATACCTTCCACTTCCTTATCTTCA
1334	0	TGGTTTTTGTTCTGTAATTACCTTTGAACCTGGAGAATTGG
1335	0	GGTTTTTGGATAATTTGGAACTCTCTTATTTTCAAGCTTCG
1336	0	ATCTGAAGGTTCATCACTTTCAAGGGGTTGTCTTGGTTTAA
1337	0	CCGCCCATATTAGTTTTCTTCCACGATCATATCTCTTCATG
1338	0	TAGTTGGCATCATTGTAGTGCAATGGAACACCATTTGGGTA
1339	0	TAACGAGAAACAAGGAAAGACTGCTATAAACCGAAAAGAAA
1340	0	AAAAACTTACCCCTAATGTGCCATAAAACCCGACTAATTGA
1341	0	ATATTTGGTCATTTTTTAAACGATATGAATATTTATGATTT
1342	0	CTCAGAAAAACAAACTGCAGCACCAGTTTACCACCATAACA
1343	0	TAGCTCTCTTTTTTTAAAAACCTTCTTTCTTATTATGTTTT
1344	0	CATCAAAAAAAATGTGAAAACTAATGCTAGGTTGATTAATC
1345	0	AACACCATAAGTGAACTTATCGATTGAACCAGTTTCATGAC
1346	0	ACATATTTGGCTGTCGAATGCTACTGACAGAATCATTTGTA
1347	0	CAGTTCCTTCATCCAGTAAACTAGCATTGCTAATGCTGAGA
1348	0	CACATTTTCAAAAGCCAATGCATTCAATTGAGCAATATGAG
1349	0	AGGACGAATCTTCAGAGAAACCAAAAGATGCAATACTGTTT
1350	0	TTAATCTCAATCAGATCACCCCAAGGTTAGTCGGCTTTGTC
1351	0	AACAGAATTGCTATAGTAATCTTATCTCTTTTTCTTTTTTA
1352	0	ATTTGCAAAGTGGTATTTTACATGCTGACGATATGGATTTC
1353	0	AGCGTATTCATCAAGCGCAACTTGCACAGTAGCGGGAACGT
1354	0	GGAAAAATAGCCAAAGAAATCTTCGCAAGATCTCAAGCATT
1355	0	CAATTCAGCCAAACATTAGGCCTTTCCTTTTGAGCCGCTCA
1356	0	GATCGACAGAGTAGCATGATCGACAGTAGCGTAATTTTTCG
1357	0	CACAACATGCTCATATTTAGCTGGCATCTGCTTTTCAACTT
1358	0	AAGAATGGCAAAGGCGTAGTCGTTACCCTAACCAAGGGAGA
1359	0	TTACTTCCGGATAAAATATTCCTAGCTTTTGAAAACCACGA
1360	0	TTGAGATCCTTCATTTCCAGCTGGGACGGAACGCCAAACAG
1361	0	CTCTCGTCCTGTCGTCTTGACCACCTATCCCTCTCAATCTA
1362	0	GTAAATTTACATTACTCTAACCTTACAGACATAGCTTGGAA
1363	0	GATATCACCTTTGGGAAATTCCACACTCCCCATCTTTGCAA
1364	0	ATCATCCTCTTCACTGGATGCTTTCCAATTTATTTTCATAT
1365	0	TTCTCTTAATAATTTTATAGCTTCTGTTCGCTTATAAATAT
1366	0	GGTAGGAATAACCATGTTCTCACTTCCAGGGTAATCGGTTT
1367	0	ATTGCACCTTGAATCAGTATCTATAACAGTCTTCTTTCCAA
1368	0	CAACCCAAAGTCAAATAACACGTTTTTTCTAAGTCCACAAC
1369	0	ACTCAAAATTTGTGAATTGACGAATTTATTTTGACTTTCAG
1370	0	AACCAACACGCCATCCCGTACATCCAAACGTTTTTCCGCCA
1371	0	CGCCTTGTCGCTGAACAAAACAGTACCATGGCCATTTGCCT
1372	0	ATCACAAAAAAAGGAAGTTACGGCTAATTGATTGGGGTCTG
1373	0	AGCCTAAATCATCCGTTAGTCAATCTCCCATTATCTATTTT
1374	0	TGAGTCTATTCACTTTTGTACAGATACGGGTGTTTCCCTTT
1375	0	AAGTTAGAAGCAATAAATTTCGTTTAGTTCGTTGCTTTATT
1376	0	TCGTGAGTGTTTTGTGTTTTCATTGATTGTATAGTACGATT
1377	0	GTATTTAAATTAAGGAAAGTCCAAAAGTTCGCATAACAACG
1378	0	GCTTCTGAAGTAGGTAGAAGCTTATCTTTGCTTACTCGAGA
1379	0	CATCTACTACGAATTGGAGGCTCTGGTTCAGATACCAGTTT
1380	0	GATAGTCTTCATTAATTTGGCGTAGTTTTGGGATAAGGGAT
1381	0	ACCTTTCCCTTTTTCTTGTTCACTCATGCCACAGTGCAAAC
1382	0	ACCATTCACAGTAATAATTACCATTTACCAAGCAGTTAAGG
1383	0	AGAAACCAAAGTTTGATTATCTTCCTCCTAATATACTTCAA
1384	0	CGTTATCAGACAAAGGAATACGTTGCTTGTTGACCTTACCA
1385	0	CCGGTCTTCTCAATTCCAGTCAACCACTTTGACTCCTTCGA
1386	0	TGCCAACCTTCGTGGAAATACTGACGTCGAACAACCATTTA
1387	0	CGGAATGAGGATGCAGTAGACCTTGCGCAAAGTCTAGAAGA
1388	0	TGAAAAAGTTACAATTATAACAGTGGAAGTTTTGCACCTGT
1389	0	TTCGCACTTTTAAAGAGGAACTCGCCATTTTCATCACTTCT
1390	0	CGATGCCTTAATTGACAATTCCTTACGTGAGGGAATTAGCT
1391	0	TGAGATCTTTGATGTTTGTACTTAATTTCGACGATGTACTC
1392	0	ACCACTGTATACAAAAAGGTCGATAACACCACCGATCATTC
1393	0	TTCTTCAACTTTTGAGAGGTCTCCAGGCTCCCTTCCTCACC
1394	0	AGTTGCTATCGAAGGTGAAACATTCATCATCTAGCCTTCCA
1395	0	CAAAAGTGTCGATCACGGATCCTTCCTTGCTTTTTGGCTAC
1396	0	AGCATAACATTTAAAAGAGACGTTGTATTTATATTAATTCA
1397	0	TTCCATAGATTCATTTATATCATATTAATAAACCTTAGGGC
1398	0	AGTTTCCATAGTTCCTATTCCAGCATATGAATCACAGCAAA
1399	0	GGCCTTTCAACTTGGATGCTCCAGAAAACCCTGAAGAAACT
1400	0	TTCACCGACACCAGTAAAGACAGAGTAACCACCATGAGCTT
1401	0	TTCAGTAGAAGAAGGATTTTCAGAAGAGGAGCGATCCATAT
1402	0	ATCAGCCGCTGCTGAACTGGCTCGTAGAGCTGGGTTGCAAG
1403	0	CTACTTTAATCATGGTGTAACAGATCTATTAGTTAAGCCAT
1404	0	ACTCATGCAACTTTTCACAACTATGGCCCATATTTTAGTTG
1405	0	AGCTTTTGTCTAAATTGTGGCCATGGAGCTCACGCATCTCA
1406	0	CCAGAAATGTACATTTAATGCTCATTTATATACAATTAGCA
1407	0	TCGCAGAATTAAGAAAGTGTCCGTGGATTTACAGATACAAT
1408	0	TGATACGTTCCATTCTCTAGCAAAAATATCAAATAAACCAG
1409	0	AAATTTGACTCTTTATAATTCAGATTTTACAAGGTATTCCT
1410	0	ATTTTTTTCCTCCAACAATTCAGAAGCATCTTCCTTAGCCT
1411	0	ATCGTTGAGAAATGGTGTAACTTATTCAAAGAAAAAATGGA
1412	0	ATCACTGGGAACAAGATACCCATTATGCTCCTTAACAAGGT
1413	0	CGTTTATAAGCACCTTTCGACGCCATCGTTGTGTTTGTGAA
1414	0	ACATTGGCGTCTTCAAGTTGCCTACAAAATACGAGCAAGGT
1415	0	TGCTGGTGTTGTAGTTGTAACTGGTGGTAGCTCTCTTAAGG
1416	0	CTCAAGAATCAGGAGTTTTACTTTTTGCAGAAAGACGGAGG
1417	0	TGAAGGAATAGCTAGTTATGCAGGGCCTTCTAGTTTGACAG
1418	0	TACCCATTTCCCCGAGAAAACAAAAACACCAGTTCAATTGC
1419	0	TGTCGATTGATGCCATTCTTCGTTTCCCAAGAGCTGGACTT
1420	0	ACTGAAGAAGAGGAATTGTTCTAAACATTTTGCATTTCCTC
1421	0	AACATCCTGAGGAGAGAGTTCTGTCCAGATACCCTTTTCAG
1422	0	GTAGGTTTAAACCAAAATATCAAATGAAGGGGGAATCCAAC
1423	0	AAGAATACTTAATGCTCTTGCTTTTGTTCGGAATCTTTCTA
1424	0	TCTGACTATCGAAGGTTAAGCGTTGCAGGACTTGAAGGTTT
1425	0	ACGCTTACTTCACAACTGAGCTTTTCTGCTAATAAACCAAA
1426	0	GAAGAAAGTTCTCCTATATTCAAATACTTGACTATAAACAC
1427	0	GTACTAGGAAGCGAGTGACACTATGGTTATTTTGGAGTTAA
1428	0	GGGGATATGATTACACTTGTCATAAAAGATATTCCAGTTAC
1429	0	TCAAATAAAACTTTTTGAATCCAATCCATTTTATGAGATTA
1430	0	GGAGCATCCCAAAGATCTTTCCTACTGGTAAATTGGAATTG
1431	0	GTAAATCCCTGCTTCATTAGCGTCCAATTTTCATCAAGCTG
1432	0	ATCCACATTCTGTAAGGATTCTTCAAAGGATAACAAGTCCC
1433	0	ATCTGGTACAATGTATTTGTCGTGTTTACCGTCTGGGCATT
1434	0	CATCATCCAAAGTGATGATTCGTTAATTAATTTTGATACAG
1435	0	TGAATACATTTCCTTTTTTTCTCTTTCATTTGAATGCTTCT
1436	0	GACCACAATTAGTTGTTTATCCTTTGCACACCGCAAACCTA
1437	0	GGAAATGAATTTTCGTGATGCTTCACATTGATTGTTTGTGG
1438	0	GTATGCATCTCTGTGAGTGGCAGCAACAATAGAGCGCTGAG
1439	0	ATAAGATTAGTAAATAAAGTCGAATATTAAACCTTTGAAGC
1440	0	TTTGTTAGTAGTTTTTATATCTCCGGTTTTCTACAAATAAA
1441	0	TCAAAAACGTTCCACCGTCGCCCAGTTAGTTCAAAAACTAG
1442	0	TTTTTTGTTTACAATCACAGCAAAGCGCTTTTAGGGATAGA
1443	0	GATGGTTTATCCTTTAAGGACCTGGTTTTAACTGCTAATAA
1444	0	AGAAAAGCTAATTTTTGTTACAATGTCTTCATGTCCTTCTA
1445	0	AAGAACAAGCCACCAAAAGACAACAGGCATGGAGGGATGTA
1446	0	GAACATGCGGCAAAGGGCCACTCAAACTCCACACCGGCTTG
1447	0	CTTTTTTATTTAGAAGATTGCTCAAATACTATCCTTTTTCA
1448	0	GATACGACGTCGCGATTATTCCGCTCTTCAACATTTCCATC
1449	0	GATGGCGACCTGTGTTTAAGCGTTTGTATATGACAATAACT
1450	0	TACAATTTCTGATGAGAATTCCTCTAATGCTAAAGAAGCAG
1451	0	ATAACGAGGTTCGCACATGGCGATGTGAACTCGTGGAAGTA
1452	0	TGTCATATTGAGATAAAATGCCTTAATCCAATCAGGTCTTT
1453	0	CATTTATTAACAAAATCTATCCGTAAATAAAGAAAATCATA
1454	0	AATACGGCTACCACCGCTAGCACCCAGAGCCATCTCAAAAT
1455	0	CTGGAAACAGACGCCTTTTGCATTTTAAGAGAATCATAAAC
1456	0	TGAGGCTTTCTCGAAAAATACTTACGGTTATCCATGATTTA
1457	0	TGTCAATCTGTTGTGGTTAGCTTTTTTCAAATATTTATTAA
1458	0	AGGCTCGTGGACTACTGTTGCAATCACCACTTTACTGGTAA
1459	0	AGAAAGACACGCTTTAGAAACACTTGCTAAAAATATTGAAA
1460	0	GCGCTGACAATATTGATGAACATAAGGATGACTTAAAAGAA
1461	0	TAACAATGTTCAACGTTCTTCTACTGTTAGAAATAATACCA
1462	0	CAATCCGCGCCAAGATAAAACCAATATGGATTGTGTTTTAT
1463	0	CTAGGTGACGTAGCCGGTTCCGCCAGAGCCGCTGGTCTTCG
1464	0	TAAGGTTCCTGTTAAATTGGCAAAGGTCATTAAAGTGCTCG
1465	0	GGCTTCTTATTGTTTTGTAACTAGAAGAAAACCCGAATTTT
1466	0	CGTAAATCTTCATTTAAACACGGCTCTCAATAATCGATCTG
1467	0	CTGTGGTTAGGTATCAGCGTCGCGTCCAACGTCAATGTCAC
1468	0	GAAACAATGAAACATGATTACTCATTATACAGTGTAAAAGA
1469	0	TAAAAAATCGTCCCAGGGATCTTTCCGTATTTCAAAATGCG
1470	0	CCGCAATGTTACTACGAACACTTCTTCATCTTAATAAATTT
1471	0	AACATTATTCTCCGTTACGACCTCAGAGGTAGGAACAGGAA
1472	0	TACTATAACAGAAGAAAAAACAGCACAATTGCTTGCCGGAA
1473	0	TGAACAGCAGTTTGTTTAAACATTGTTCGTGTATGCCTGGA
1474	0	ATATTGTTGATACAGGAAATCCCTTGGATGCAAAGTTGATG
1475	0	TAGAGCGTTCTTATTTATTGCGTATCGACGGCAAAGTTGCT
1476	0	AAAAACAATGTTTGGGGTTTCAAAACACTTGCTTATTTATT
1477	0	TTTTGTGCTTTGGAAGTATTCATGTTTTGCATGTTTTGAAT
1478	0	CTTGCCAAATCATGTTTGAACTTGTTTGGATAAAGGTAAGT
1479	0	ATGCCGTTATTAGGGGAATTCAAAGTAGGGGTAATGTTACC
1480	0	TTGATTGATTATTTATGTAGCAATCTTCCGAAGATTGATTC
1481	0	ATGCATTGCTAGTGTAATATCAAGAAACAATATCGATTTAT
1482	0	ATGTCCGTGAATGGAAAAGACAGGAAATCATTTTTGAGGTT
1483	0	AATTATTACTTACAATTAAGCACTCTATTATGATAAATTTA
1484	0	AAAATAGAAAAGTGTGTATGCAGAATTAATGCTTGGTATAG
1485	0	TGGGTGTCCTTTGGGTGATGCATCAGGTACGGAGGATTTCA
1486	0	TTGTATTGTTCGTCTTAGTGCTGCTTTTTCTGATCCATCGT
1487	0	TTTAGAGCTGGGTGCTGGAACTGGCAAGTTTACACCAAGGA
1488	0	ACATGTTTATGCATGAGTTTCTGAACATTGTCAATGAGTGT
1489	0	AAAAATCCCAATCTATAATGCCACTATCACTTACCCTTTAG
1490	0	CATGGGATGCATATGGAGTGCAGATAATCCACTTATGATGG
1491	0	GGTGAATTAAAAGATAAATACAGTACAATGGATGATACTAC
1492	0	GGAATCCCGACTTCTTATTGCGAGCTGCACGTTCCAAGCCA
1493	0	CCCTACCATTGCGGACGCTCCCCTTACTGACGAACAAAAAC
1494	0	AACGTCCTTGGTTAAAAAATCAGCACCGATGGTAGCTTTAT
1495	0	TGCTTTTGTCTTCAGGTAAGCAAAAGTAAATATTTAACATT
1496	0	AAGTTATTAATCGCGCTTGGCGTATACACGAATATCGACAA
1497	0	ATATCACAAGTGTGAGTTAACAACTAATAAACATTCCTTCT
1498	0	GAATGACTAGACCCACTAGACCACCTATTTCCACTTGTACG
1499	0	TTGGCTAGTATACATGTTGACAATTATAAAGGCTTATGGGA
1500	0	GCTGAATGGCAACATCTGTACTGGCCGCAAATCGCTTAGGA
1501	0	CCACCAGTAGCCAAAATAGTCTTGTGAGCACGGAATCTGTG
1502	0	ACAAAAATCACAGAATAAAACATTGTCGCGTGAATACCTAG
1503	0	GTGGGCTTACCGCTGTCCGACTAACGGTAGCAGCAACTCCT
1504	0	CGACGAAGACCAGTACCCATCAGTAAGGCACGATCACGGAT
1505	0	CTGAATGTGATCATATCTTTCTAAGAAAAAAACAATTTCGC
1506	0	GCGCTTCTAAACTATTCCCACACGAAGTGGTCACGTGGGTT
1507	0	ATGGCCTACTATCTAATTGACGAAAATAAAGAAATTAGCAT
1508	0	ACTAAATTCTTTAAGAAAAACGAGTTAAAGTTTACACTAAG
1509	0	GCTATGTGTTCTAAAAATTTCTTTCCAATTTGAGGAATGTG
1510	0	ACACCTCTTCACCGTACGATCGTTTCCGAGGTCAACGTTAT
1511	0	AATTGGAGTTACGTGAAGATCCTAAACTTTTGGGAACAAAT
1512	0	GGCATTCCTGTGCCTAATAACGCCATTTACGGTTGAAAGAT
1513	0	GTCGCCCCAAGTAAGGGTGGCGCACTACTCTAAACAAGCAG
1514	0	GCTTACATTTACAAGCAGAACTCTCATGGAAAATGGAAAAA
1515	0	GCAATGGGAATCGAAGAAAACTTCATGGTGCGTGTAATAAA
1516	0	TATTTTACGACACGCGGGGACTTAGATTTCGCACTCAGATG
1517	0	ACTAGACGGCTCGTTCAAAACTCTATTTACTAGAGGACTTA
1518	0	CGAGCTTTTTACTTTTAGATCTATCAAGGAAAATGGCGCAA
1519	0	AACCAAAAAGGGAGATTTCCCGCCGCATTCTAGAGTCACTG
1520	0	GAACTCGCTGTAAGGATTGGCAAGGGTAAGGAGGATACAAT
1521	0	AATATTGAATACATCAATTCCTGTTCATCGCTATGTTTTAA
1522	0	CTGTTCAAACTCATAGTCAACGAACGTTCGTTCTTCTTCAT
1523	0	TAAATGGTTTTCCAATCCAACAGCAGAATATTTAAGCCGTT
1524	0	CTGCAGATTATCTTGTATCTCTTACCAGTAAGTACATTTTG
1525	0	TGGTCATATTGCCGAGGAAACTAAAGATGCCAGTATTAAAG
1526	0	AGTTAGGTCTTTAAAGAAAGCTCAGATAGTAAAATGAAAGA
1527	0	TCCCGAAACTGGATTGTATTCATTTAATATAGAAACGTCTT
1528	0	AATAGTTTGGGAAAAATCCCCCACTAAGAACAATTTATCCC
1529	0	ATAATTTCTTTAAAAAATTTCTGTTAGTACTGCTGATTCCT
1530	0	TCGTTATTCTCCATCCCACTCTCCGAAATCATTATGTAGCC
1531	0	GTTTCAGATGACGATATTCGCTTTATTCTTTCTCGGGATGT
1532	0	TACCGTTTGCTGAGGTGGTACCGTTTTCTTTTGTTTAAAAT
1533	0	TTCAATCACTACCCCAACCACAATCACAATCACTTCCCCCT
1534	0	TTTTCGCCTTGATAATATTTCCATGTGCTTCAGGAATTAGG
1535	0	AGGAAAGGCAAATGGTAAAACAGCAGAATTATCAGAAATTT
1536	0	GGTTCGGAAACTTTGATAAACATTTGGTATTCTTCTTGTTG
1537	0	ATTTGTTTGCTTACTGGTATCAACGTTAGCTTCACTCGAAG
1538	0	ATGTCCAAAACCTGTGTAAACTGACTAAATAATACAACTCT
1539	0	CAAATTTTTTACTAGCATGGCAAAGCATTATAAGACTGTTG
1540	0	CCGCTAATTTAAGTGGACAGCTGAAAACCCCTTGGGCTCTA
1541	0	ACCCTACTAGGCCACTTATCCCATCCGTACGTATTGCCAGC
1542	0	TATATACTTGTTTGCGGAATCAATAGACAGTCGAAAGATCA
1543	0	AAGACATTGAACGTTGACACCCCATTTAGCAGGATCAAGAT
1544	0	AATAAGAGGAAAGAATGAACCCTCTTTTCTTTGATACTTGC
1545	0	TGTAAAACTTTGCTTCATAGCTTTGCTATCTTGTGTAAGAG
1546	0	ATTTAATATCCCTATGCCATCAGCATCTATGTTTGGTCCTA
1547	0	TTTTATTTTTAGTTTAGTTACTATACTCTGTCACTACTTTT
1548	0	AGAAAGGGGGGAAATTTTAACTAAATCACAGAATAAAAACA
1549	0	GTTAGCTGAACACCGAGAGTCATGTTCATTCAATTGTGCTA
1550	0	ATAAATACGAAATCTTATTTCGATTTACAGGCTGGGCATTC
1551	0	TTCATCATATGCTTTGTTCGCGTGGTTAAGGAATTAGCATT
1552	0	CCTACGCTTCTGAAAAATTTCGTAAGAAGAGGTAAGATCTT
1553	0	CTAAAGAAAAGGAGGAAGTACAAAAAGTGGTTATTTCAGGT
1554	0	GGTTGGTTATCGACAGATATCTACGCAAACAGGACAAGGTG
1555	0	CGTCTTTTAATTAAGCAATGCCAGATTCTAAGCATTGGGTT
1556	0	AGAAAATGGCTCAAGGCGATCTTCTATCAATCCAATTCTTG
1557	0	ATCCTAACCAAGCTAAAATTCTGCTAGAGGAAAGAAGGAAG
1558	0	CTTTTCGTTAGGGCAAATGACTTCTGTGGAAAAGGCTAGTA
1559	0	TGAAAGGCAATAGTAGATGTCAGTCAACTTTGACAAGTGAA
1560	0	ACTCGGTTTCTTACCTTTATCGAGGATACCACGAGCTGGCC
1561	0	TACTGTACTACATAAAATAACGAGTATTACTGAGGTAACAC
1562	0	TCTACGAGTTCGATATCCTTCATATGGGTTTCCTTGCGACC
1563	0	ATTAAAAAGGCACACATATACATGTATGTATAAGTGGATAA
1564	0	CGAGTTTTTTATTATTATTTCTTTTTTCTTTACTAGTGAGT
1565	0	GCTATATCTAGTGGTAATTTCAAAACATGTACCGAATATTT
1566	0	TTAAAATGAGCTTGTAACAGCTTAATTGAATCTGCAAAGTT
1567	0	ACAAAAATGAGCGATTTCAACTGCTCTTTGGGGGCAATAAA
1568	0	ATTGATGTAGTTGAGGGGAACGTGGTAGGCTCATATGAATG
1569	0	TTCTCAATGCTATTGAAGGACATGGCAAAAAAATAATAAAA
1570	0	TCATTAACATCAAAATACTACAACTTAACGAAATTAGTTAG
1571	0	ACTTATGTAGGATTAAAGATCAAGTTATGGACACAATTAAA
1572	0	TTCTAAATTAGCTGTAGTTTCTTCGATAACCAACATTGTGC
1573	0	CTATCTCATTAGCCATATTTCGCAAATTTCCTTGGTATAAA
1574	0	TGTTTTTACACGAACTCTGTCATATTTGGCAGGGGCCGCAC
1575	0	ATCATTTCCTAGTCCTTTGTCAAGATATTCTGCTTTAACCC
1576	0	TGGGTGTTCGTTTGCCGATACTTTCTGAAAATTAAAATTAA
1577	0	AAATCAAGACGTTTTAGCTGCTCATAGGCAAAGGCTTGTGG
1578	0	CTGTCAGTTTCTCTTTAGGGCTGGCACAAGGAAAGCATATG
1579	0	TCTCTGTACGGGCGCGTGTACGATGAAATGGACTTGCTTCT
1580	0	CTAAAAGTTTTCATTTTTCTCCAACAGCTGCTTAAAATTTC
1581	0	TTAGACATCGATGGGAAAAACCGATGACAAAGTTCACTGTT
1582	0	ATTTCACTTCTGAGAGCCCACCTCCAGAGCCAGCAGTCATG
1583	0	CGTCTTTTACTAGAACCATTCTCTATTGTTGTAGTTCTGTC
1584	0	TCGGTGGTCCAAACTTGTTACGGAAAAGAGTATTGAACGGA
1585	0	AAGCCAAAGCCAGTATTGATCACGGAATTGAGTATCTTAAA
1586	0	ATCTACAACAGGATTGATTGCTTTAATTTCAAACATGTCCC
1587	0	TTGTACAGATACGGGTGTTTCCCTTTCTCCAGCGACATTTG
1588	0	CAGATACTCAAATCCCCATACAACATATTCAACTAGAACAG
1589	0	TGCAATCGCAATAATATTGACGTTAGTCAGGGCCGTTTTTT
1590	0	GCCAATGGCACTTGTATTTTCTGCTTCCTTAACCCCTTCCA
1591	0	AGAGGTAACTGAAGAAGAAGCACTGACGGTGCATGGCCCTT
1592	0	TTGTATCGTATAAGGTAGTACATAATTATTCTAAAGCTGTA
1593	0	AGAAATGATACGAGATAAAGCCTTGGAAATGTCTGCATCCA
1594	0	CTTACACCTTCCTTATATCACAAGAGCATTATTGACGAATG
1595	0	CGCTCGTAAGACTGGGCCCACACCTTCATATCAGCAAAAGC
1596	0	CTTCTTCTCATGGAAAAGAGCAGAAAGACCAACACCGGCAA
1597	0	ACTGCATTGATCAATTTAATCAATGTTTATATGACTGTCAT
1598	0	ACTTTTGGATGCAGATCGATCAATCCGAAAATTTAGTTCAT
1599	0	GGAGAATTGGGAAATAGTATCTCAAAAATAAGGACCATTTC
1600	0	TCACCTGCACACTTCTATGTCACTTTGTTAAAATAGGTATA
1601	0	CTGCGCATAATTTTGATAAACCTTCCATATTTCATCGCAGC
1602	0	CATAGAGTACGCGAGTTTGACTCAAAGAGTTTTGTATTTTC
1603	0	ATCATCATGGCGCCGTTACTCTGACGAAATAAATCATGACC
1604	0	AAGGGAAGCATTGATACAATCCATCCTTGAGCTAGTTCAAG
1605	0	ACTTCCCCATTCATTAATTGCAGGAATTTTGATTTACAATT
1606	0	ATGTTTTTCTGTGTTTCGTTCAAAAGACCTCTAAGTTTATT
1607	0	CATCCCAATCTTCACCTGTTCTCCTCCCCGCTACTCCTAGT
1608	0	TAAGCATAATCTGTTTGAAGCAAATCAAGTCCAACTGTAAT
1609	0	ATAGGAGATCCAAGATATGTCTGGAGGATGTGGCCAGAACT
1610	0	CACTTCCCACTATAGAGAGACCTACATTCATCTGACTTTTT
1611	0	AACCCCTTACTGATTTGAATCGAGCCTTTTCTCAGCGCCTT
1612	0	CCTTTACAGATTTGAATAATCGCCCGGCTTTGCACAGCACT
1613	0	TGGAGGAATGGAAATGATTGCACAGCTTGCTTACTGTAACC
1614	0	ATCCACAAGGTATTTGTTGTCGTGCATATTTCGCATTTGAG
1615	0	ACCTTCAGTAAGTTGGTTATCATTATTAAGCTTATTTATGC
1616	0	CGGTTCAAAACCATATGTTGCTCCCGAAGTTCTTACTCAGA
1617	0	TGTACGATGAATAATTAGGACATGTGACATATAGTGATAAT
1618	0	GAATCGGTCAACTTAGGAGACTCCAACAGAGCAGTAAGTCC
1619	0	TGTACGCTATTTGCCAGTTGCCTTTTGCCTTTCACCAATTT
1620	0	AACTACAAGAATTTTATTTACTTGAAGATTTGGCAAAACCT
1621	0	AGTTATTGTAACGAACATCTCTCCTGAAGTTACTGAGAAAC
1622	0	AAATGGTACGTGTTGTTAAGCATAATTTTGCAGCCTAAAGC
1623	0	TATTTATAAATCGGTTTACTCTTAATCTGCTTTCTAATTGA
1624	0	TCGTCAACTGTAATGAAACGCAATTAGGGCTATCAGATCTA
1625	0	TTGCATGCTTTTTTTTTGTACCCTCTTCACTGTTAAAAATG
1626	0	GGAATGCTGGCAGTAGAACACCTGCTTGGAATTCCGGAAAT
1627	0	GTGATTTTTCAAAGCGGATACGTCTGTGTTCATGACTGGTC
1628	0	CAAGTGAGCTTCTTGGCAATCTCCATTTGGTATTCAAAGTC
1629	0	TCGAACTTATCATGAGGAGACTGGAAAACTCCCAAATTTCT
1630	0	ACATATTTATATCATTTTTGCAACTCATTCTGTAAAGGTTT
1631	0	TATCATTTACAAGTAATGTGCAACAGTTTCTTAGACAGTTT
1632	0	GACGATGGAAGCAAGGGAGACCAAAGTGAGGACAGCAATGA
1633	0	TTTACGGGCGTATAGCAAATCTAACATTTGTTGTACAACTA
1634	0	GGGATGAAGAAGTGGATGGTCAACGGAAAGACATTTTAAAT
1635	0	CAAAATTACGGCTTAACTAGCTATTCAAAGTTTGTCCTTTA
1636	0	AATCCTTTTACACTGACCGTCAAAACAGTCCAGGTGGTTGG
1637	0	CTCTTCCAAGTCTCGACAATCCACCAAAAGGATCAATGTTG
1638	0	CTCTGGTAAGAAATCCGAGACTTTTTTTGGTGTCCTCCTTC
1639	0	TCTATCCCTTTGATGGCCAACTCTTGTCTTTTGTCTGCTGA
1640	0	GTTGGCGATGTAATAAGTTTCTCTCGGAATTTTTTAAAACG
1641	0	TACAGGAGTAGACATTAATGCCAAGTATGGCTGGCGTTGGC
1642	0	GAAGAGTTTCTGAACCTATTCTTGAAAATTGGGTTTTATAA
1643	0	TGTATTCACAGAAGCATCTACTGGGCGGGAAACCATTTTTC
1644	0	ACACATAAACATAAACTGTACAATCCCTAACAATGCACGAT
1645	0	AGTAGAATAAACAGGGCCTGCTCCACGATATTTTGGAAGTA
1646	0	CCATTAACCAAAGAAACATACCAATGTATCGACGAATGATA
1647	0	TAGAAATATAATTAGAAAAACAGGTTTATTTGTGAAATACA
1648	0	CTACATACAATGGGCTCAGACGTACATAAAGCAATCTAGTG
1649	0	ATATAATGAATCTAAGGTAGCCAATAATTCGCAAAATAACC
1650	0	GCCGTTTAAAACGAATCATGCTGATATCTATATTCGGCTAA
1651	0	AAAGGTCACGATATCGTTTTCCGTTATGAAGTCTCTTTGAA
1652	0	TCGCCATGATCTTCAGTAAGCGTAGCACTCGTACTCGTGTA
1653	0	CTTTCAACTCTTTTTTCATCCTCCTAATTATTTTTTCATGT
1654	0	CTACACAAAGGCTAAAAGTGCCGTTGAAACTGGTAGCGTTC
1655	0	ACCAGTTAACTAGGTGTTGACATACAACTTTGTTAATGGCT
1656	0	AGCTTGGCGTTGTTGGAAGGCTAACATACCTTGGAAGGTTC
1657	0	GCTCATCTCTTGTAATGGGACGGCTTTCTTCTTCAGTAGGA
1658	0	TTGTTTTAACACAGAAGGTTCAAGAGTGTTAGTCAACTCTT
1659	0	ACGTTCAGTTTCCCTTTAAACCACATTCACCAATCAATGAA
1660	0	TGGAGTCGCCTAAAATGTATCCAGGACGCACAACAACACCA
1661	0	GAAGAAATTCGAAAGAGGAACCAAAGTCGCAAAAATCAAAT
1662	0	ATAATGTCCTTTTTCATGAACTTTTTTCTTATATTGTCCAC
1663	0	TCATCAACAGACGATCTACTCAGTAACCATTCTACCAATGT
1664	0	GGTGATGCTCCATTGAATTTCTATTTTCTGTTGAAGGCATG
1665	0	ATCTTGGTTCTCTTTTTTTTCCTTTCATTTTTTTTGGGAAA
1666	0	ACTGGATTCCTGGTATGAAACCATTAATTCAACAGAGCATG
1667	0	ACAATTCTGCTATACGCCAACAACAGTAAGACACTAACATT
1668	0	GCTTGTAACGGAGCTTAAAACACTTTGTTAATTTTCACTAA
1669	0	ATATATTAAACCGTTGTTTACATATTTTCCAAATCTAAAAA
1670	0	GAGGTTGTCCGTAGCACTATCAATTATGGAATAAGCAAACT
1671	0	TTGAAAGTACTACCGAAGAACAAATTCATAACATTTTCAAT
1672	0	TGGGAAAAACGCAATGTAAACAATACAATAGCTGAAAAACG
1673	0	GAATAGAACTAAAGTCGTGACCCATTGTGCCTGCTATAGTG
1674	0	ACTGAGGCTATTATCTCATACTTTTTATACAAAGTGAGAGC
1675	0	GATGGGGCCAGCATTGTGAGCGACGTTGAAGACACCGAGCA
1676	0	AAGTAATTTCAATCATTCTTCGAGAGGTCCTTTATGGGCTA
1677	0	TTTACTAAGTTGGTAGAAAACTTAAAAAGGCTTTTAAAAAA
1678	0	TTATGCAATAGCATGCTGCGCATTCGGCGATACTGAACAAA
1679	0	GACCGCATTTTTGTTGGATGCTCTTAAGGATGACAATCCTG
1680	0	TCCTTATTTACGTTATATGGCATGGTGGAAAAATAAGTCGA
1681	0	GAATATTGGAACGGGCTAATCACATCGTGTAAAGCCTCACA
1682	0	TGCTTTTCTTTGTGTATGCACCGTTGTAATTTATTGGGAAA
1683	0	GTTCTTTAGTCGAACACTATCCTCACTTTGTTGACATGCTC
1684	0	AGTGATTCTTCTTTTTTATTCATTCATTCGGTTAACTAAGT
1685	0	TAAATAATGCGAAAGAAGGACGTTCGGCAGCACTTCAAAAA
1686	0	TTTGTATAACTGGTGGGTATCCATTCTTCGACGTTTACAAT
1687	0	ATTTTTCCAAGTCGGATGATCCCTTGTCGAAAGATATTGAG
1688	0	GCCTGGTTCTTTTTTAAATGCCTCTCCAAAACAAAAAGCGG
1689	0	ACGTGTTTACTTTTTATTTGCGCATAGTCAACAACGATTGT
1690	0	TGGAAATACAGCGACATTGTCTCCAAATTGGAAGAACGCAG
1691	0	GACAACAGCAGCTTGAAATGCCAAAAATGGTCTTTCATAAC
1692	0	TTCTAAACTTTCAGAAGCAACACGACCGAGATCCATACCAT
1693	0	TAATAACAATACATAGGTTTCACTATCATAGCTATGGAATA
1694	0	AACGTTTAGAGGAAATTATGCTTGCTGCTGATTTTAGTGAC
1695	0	GAAGAGTGTATTTTGAAATTCCTTAATCTTCCTTCTTCCGA
1696	0	GCATTAGCCAGTGTGTGAAACGTTCACGTGATTTGGCATCT
1697	0	GTAATATACAAAACGCTACACCAAAGCGCGCGCTCTAAAAC
1698	0	CTTGAAGCTCGGAGTTTGTACTGGTTTCTAAAATATTCTGC
1699	0	AAGCGTTTAAACCATCAATGCTCACATCCGTCTAAAATTTT
1700	0	TTCCATGTTTTCTAGTTGACCTTGTAATAGTAAATTCGTTT
1701	0	TCACTTTAATACTAAATTTGCATTAACAGTTTTTTGTATTA
1702	0	ATTCTTTTTCCAACTGATGTCCCTTGTTCACTGGATGACGA
1703	0	AATACAAGCGTACAAGATTTCAATGAATACAAAATGATTCA
1704	0	GTTCAAAGTTGGGAGTGGGACGGAAAGGGTATATAAGAAAA
1705	0	CAAACTGGTTACAAAAAGGACTATTCAACAATAATCTCAAA
1706	0	TTTAGCGGGATCTTTTTTGTCAGCAAGCTTTTCTTGACCAT
1707	0	AAAACAAATCGTTTCATATTCAGGAAGCTGAAAATACTATG
1708	0	AGGCGCCTCTGAATCGATTTCTATTGAGGAGACCAATAGAA
1709	0	AATGGCTCTGAAAAGGTAATCATTGCTCAAGAGAGATCTGC
1710	0	TGGTAAGCTCGGTTGCTTTGCTTGATTCTACTAGGAGCTAG
1711	0	GATGTCGCCGCATATTACTGCGTACATTGAACGCCTTTCCA
1712	0	TTGTCTTCAAGATGACTTGGCAGCTGCTACTCCTGAAGAAT
1713	0	ATACTTATTAAATAATGAAACTAATGAAACTTTTTGAAGCT
1714	0	GTAAGTATATTTGAGAAATACGAATTAGGTTTCTAATCTAA
1715	0	AGTTCTGATTCTTCACTTTTCCAAGCTTTCTTTTCTTCTCG
1716	0	GGGAAATCTCCTGGAAAAAACGCTTCAAATGGATAATAAAA
1717	0	AGAAGGACCACAATGTTTAGCGCACCACTCTGCGTCATTAA
1718	0	GGCATCCTGTTGTATAGAATCAAACATATTTTTTTTCTTTG
1719	0	TCAAAGACAAACACACTTCCCGAACGAATGAGACGTTCGCG
1720	0	ATAAGAGAAAATTAAGATGACTCTGTATGTATATACGAATT
1721	0	TTTGTCCTTCTCCTGAAGTGCCAAAATATTTCTTTCAAAAG
1722	0	AAATTCTTAGAATACTCAAGCGCAGATGCAGAAAAGGTGTT
1723	0	GATCTAGAAAAGTTTGCTAGCACTTTGGATCCTATAAAGAC
1724	0	TCTTGGATGTTGGTTTGAAGCGTACTTCTACCGGTTCTCGT
1725	0	GCCGATATACAAGGAGAAATCCTTTGCGGTAAGCATCTTTT
1726	0	TTGTCCAAGGAAAAAATAAGCCAAGAAGAAATGCAAATTAT
1727	0	CATTGAGAGTAGAAAAAGAGCACCTTTTATAATTGAAATTA
1728	0	AAAGAGATAACGCATTTTTTCTCAAGATCCTTTATTCGTTT
1729	0	ACCTTTGCTTTTTCAGGTAACCTATACCGAGGCGTGACATG
1730	0	AGTGCCATCGCATTTTAGATCAGGTCTAAGTGTAAATTTAC
1731	0	GCTCTGAGATTTACAGTATGCAGGAAAACAAAGCCGCCAAG
1732	0	AGACGTGTTTCATTTGATGTCTATCGATGATTTGACAAAAG
1733	0	CTCTTAAAACGGTTCTTTTACTTGCTGATCAACTCATCAGT
1734	0	TAAGGGAGAACGAAAATGAACTTCATATCAATAATTCCGGG
1735	0	TTGGTTGGGGAATGACATGACTGAATTATAAATGATATACA
1736	0	TTCCCTTTGGCGGTTGTTTACTTGTAATGCTTGGCTTTGGC
1737	0	GCTGCGAACAGGATCAACATCTGTGAAATCTCTTTGCAATG
1738	0	GAAGAAATTCCATTTCCCAACTTCTGGGAAGACATGCTAAT
1739	0	CTCAGTAGCCAAGCGTTTTTCGAGTTCCTGTTGATCGACTA
1740	0	AGCCCGAGCGTATGATGGAGCATTTGAAACTGTTCTGGGGT
1741	0	AAGCTCATATGAAGTATAATCAACATCGGTACAAGCATTGA
1742	0	AACGTTTAATTCCTCAAAGTCAACATACGGAAATTCAATAA
1743	0	CTGTGGAATTGTCTTTGAGGCTTTTTCTAGTCTATTGATCC
1744	0	TGATATTTCGATTCTATAAACCTTCACGGGTAAACCAAGCA
1745	0	AAAAATTTACTTGACAGAAGCGAATTTTCATCTTTTGTGTA
1746	0	TACAGAATCGTCTCTCTATGCTTGCTCAAGCTGCTACTCAG
1747	0	CATTACCCACACCGACGATACCAAAGTACATGAGAATAAAA
1748	0	CAAGGTTGTCATGTGCTTATCAGAGTTGGGAGATTTTGGCA
1749	0	CAGGAGATTTTCATTCTCCTCCTATAAATCCCAAAATTCTT
1750	0	ATATGGTTCCTTGTTATTTACCTCCATACTCTACTTGTTTT
1751	0	ATTGAAAGTACCGCTATTATCTCATCTGATAGTGACCATAA
1752	0	GAAATAAGTTAGAAGCAATTCAGAATGTAATTGATTCTCTT
1753	0	GCTTTTTCTCACGTATAGGTCGAGATGAGTCTGAAATTGAA
1754	0	AGAAAAAACGGTAGAAAGGGCGTCAAAGCCAGAGCCGTTCA
1755	0	ATCTGCGTTATAGTGGAAAACAGGGCATTACAGAATAAGGA
1756	0	AATAGTCGGGAAAGAAAAGGCTACTATTAGTATTATTTGAT
1757	0	GAAAAAACGAGCGTTGGTGTCCCTTCTCTTCAATTGTTTGC
1758	0	TGTCAAGTACTTCTCCAGAGCAAACTCCGCCTTCAAATTTT
1759	0	TTTCGCCCACCGCACTAGAACAGAAAAGCGGCATCCCACAT
1760	0	TTCTTCGTTCTCTTGGAAAGCAGCTTGGTTCTGGGAGACCC
1761	0	TTTCAATCAGTCTTGAATTTCAGAGTCAATACAAGTTAAAA
1762	0	AAAATCTAAGGAATAGATATCTTGTTCATGACCTGAAAATA
1763	0	TTAGCATTATTGCCAGTTTGCATGGTAACAAAGAGATTGGT
1764	0	TGTTTTGTTGACGTCGTTGTCGATACTCAGAAAGAGATAGC
1765	0	TGTTCTAACACCCTTGATCACAATAAAAGAAAAAGCGTACA
1766	0	CGAGATAAAACAAAAGAAGGCGACTTTCCCCTCTTTTGTAG
1767	0	TGAATATGGCTTATTATCCTCACCTTCCCTATCATCATCAT
1768	0	ACAATATATAGCCATGCTAACAACCAATGCAAAAATGAAAA
1769	0	TCTTCAAGATTTAATTGAAACGACCTCATACTATCATTACG
1770	0	CGGATTTATCAAGTTATTTTCATTTAGCTTCGTAAACGCTT
1771	0	AATTGCCGTCTTTAACTTATCATGAACATTATTGTATTTTT
1772	0	TCACCCTGCCGGTCCCAAGACTGTTCATTTTTGGGCTCCTG
1773	0	ATCAACATTCGATAAGTAGGCAATTCAGCATATCCTTCAAG
1774	0	TGTTTTCTCTATTTAAAGAGCTTTGAAGTTGAGCAGTACGA
1775	0	ACTGCTTTTTTCGGTAAGGGCTCTTACGGTGCTTTCAGTGA
1776	0	TTGTGAGCTTTGCTACGCTTCGACCGATAGTTGGGAAACTG
1777	0	AAATGTTTAATATGGTATTGCATTGATAATCAGAATTATGA
1778	0	ATGATTCATAAGTTGATATTCATAATTATCATAGCCAAAGA
1779	0	CACCTCCAACGCCATAATTTCTTGTATGAAACTTACACTGA
1780	0	TGGTATATGTACCTTCTGTGCTAGAAAAGATTTATAGCTCC
1781	0	TTTGGCGAGTTCTAGCTGCCCAAAATCTTTCTCGAGGATTG
1782	0	ATATCTATCTGGTGCAATATCGTGAGTGCTTTGAGCCGTAC
1783	0	TCTTCAACATACCGGGTGAGCAAGCATAAGAGCAGTAGGCA
1784	0	TTAATTGATACAATTATTTACAATAGTATTGCAAATAAAAT
1785	0	CAGCATCACCATCCAAATAGCTTAATTGCACACCAAGTTTG
1786	0	CCCTCCTCCTTCTATTTTAACTATATTTGCACCTGCACGCA
1787	0	TTCAGTGGATTTGAAAAGCTCATCTTGTAGCCTAGCCGTTT
1788	0	TAGCCATTAGACGAAGCACCCTCTTTCCCTTCGTAATCGTT
1789	0	CATCTTCTCAAATAAAAAAACATGACAGCTGCTAGAAATGA
1790	0	AAAGGTGTTGCATCAAAACGCGAAAAATCGAAAATGCAACA
1791	0	CTCTGATGTAACTCCGAATTCACCGAAGCACCTGAGTCTGA
1792	0	AGATAACGAAATTCTAATTTCAAGTCTTTCCCTGACGGACC
1793	0	TAGATGACGTTGAGGCAATGCATATTTAAAAATGCTTTAGG
1794	0	GAGTGTATGTCAGTAAAAGACCAAGCTAAACCGTTACGTAT
1795	0	GACTTAATCAGTACCTTGGTCTTCCCTTGCCTCCCACGGAT
1796	0	AAGGAAGGAATAAAAGGATTCCGAGATTGTTGTATTTCACC
1797	0	TGATCCTGTATCGAATGCTTCTTTATACATGCCCTCCGATT
1798	0	AAGTCCAGACAAATTATAAACGCGGTAACCAATGCACTTAA
1799	0	GGGCCATAGTCCATTGGTATCATAATCGTATATGTGAAATC
1800	0	TATTGACTGTATTGTGTGTTCCGCGTTGCTTACCAGGAAAA
1801	0	CGGATGATTCTCTATCATTACTGTCGCTAACCGGATTGACA
1802	0	TGGATGCACCACAGTTAGGACACTCACGACGAAGACGCTTA
1803	0	TTTAGATTAGATCTGTTTATCTATGCGTGGAAAATACGTTC
1804	0	TGCTCTATGTTATTTAAGTACTCTGCCAACTCCTTTACTAA
1805	0	TGAAATCCCAGTTTCAGTTTCGCAGTGGTATTTGTAGCAAA
1806	0	TTGCTTTTGGATTTCAACATCGCATTCAAGGGCCCGCACTT
1807	0	GGCAGCATGATTATAAAAATCCATATCGAGGCAAGATCCTC
1808	0	TACTGCTTATTCCTATTAATCCTTTGTTGCTTCACTGTTAA
1809	0	TTAAAATTTGAAGGAATGAACCGAAAAGGAATTCTGTCTAC
1810	0	TGAAAGTACTTTTAATAAGTCTATTAAAGATGCCAAGGCTG
1811	0	CAACCATACCATAATCAGAACGTCCCAATTCATCACGATGA
1812	0	AATACCAACGAACAAATAATCAGTTCCAAATTGACCGTGTA
1813	0	TCCTATCTCCCATAAAGGAACTACCACAAAGTTGCATATTC
1814	0	GTTATATTCATGATTGTTTACATAACGCGTGAATCACCTAC
1815	0	ACCCATCAATCATAACTCTGCCCTCGTTGAGGCTCGTGACG
1816	0	CCGAGTTACAACAACTAGAGCAGCTTCACAAATTAATAGTA
1817	0	AAGACGTAATATGTAAAATTCTTCAGCTAGTTTTTCCGTAG
1818	0	GCGAACGAAACATTTCCATTCATTAGCGTGCAACTGCTTAA
1819	0	AAATATTGGAACTACACTCTCTATCAACCATAATTGGTGTA
1820	0	AATGCAATTGAGTACTTCTACGAGAATAATGCTTGGCTTCG
1821	0	ATCCACGATTAACAAGCTGACATAACAACAAGATGGCTTCT
1822	0	TTGCAATCTGGGAGGGTTTACAATTTTCTTCGACATGATCA
1823	0	ATTTATTATATCTATAACAGCTTTTTATCCTAAAATTGTCA
1824	0	CAATTTAAAATACGAAATAGCTTCTTTACGATGGATTTATA
1825	0	GTATTTTGGTCGACCTATTGCTGCTACTGCAAAAGTATCCT
1826	0	GGCCTTAATATGTAGTTAAGCTATTGTTTCTTAAAACACGT
1827	0	CTAAGAAAGCTTTTGCTAAACTAATGCATTCATATGTTTGC
1828	0	AGTAGTTTTCAGTTTGGGTTCTACTGTGTTAAAAAGATAGT
1829	0	AGAATATGTTTTTTATGGTACTCTACTCATGCACTTTGAAC
1830	0	AAAATAAACTACAGACGTTACACACATACCTGAACATTCAT
1831	0	AATTTGGGCAATTAAGGATGCGGTGTACAGCGTTAAGAGCC
1832	0	ATACACAATTGAGATAAGACCTTGTTTTTAGTGGAAGCGTC
1833	0	TTGCATTTTTACATAGTGAACACAAATCATAAAGGTAAAAC
1834	0	TTCTTGTGCAAGTTTAGTTTCATCATTAGCGGCTAAAGATT
1835	0	GCTAGTAAACAGGCCTTCAACTCTCCTTTACTACAGACTTT
1836	0	ACTTCGGAGTTGAGTTTAATCATGGTTCCACACGTAGTCGG
1837	0	AGCCAAATTACTTTGCATTTCCGTTTAGATCAATCGAGAGA
1838	0	AGTCTTTTTTTCTGCTTAATCGTTTTGGGATAGGATCTCGA
1839	0	TTATTCAATACCTTAGAAGACAATAGCTTTGAACTTCACAA
1840	0	ACAAAACAAAACTGAAAACTCGGGGTATTTAAAAATTATTT
1841	0	AAAAGACTGCGAACAGGATGCTGATATTTTGGATCTCCCTG
1842	0	TACCTTCTCCTCAAGGAGAACTTGCTCCTGCTATTCATGCA
1843	0	AACTTAAGACTATGAATTGTCATCCCATTTGGTAGGTTCTC
1844	0	TTCTTCTGTCGATAAAATTGCTACTGAGGAATCGGTAAAAT
1845	0	AAGGCCGGATAACGGTAATGCGTTTCAAATACTCAAAATAT
1846	0	AAGATCCAAACCAAGTCGGACAGGATCGACATAAGTGAAAA
1847	0	AAAACATCCGCAGGTCATTTCTCAAGCTATTGAGCACACCT
1848	0	GGGAACTCGACGAAAATCAACCTTGTCAAAGTCCCATGTGT
1849	0	AATTTTTTTTATCTAATTTACTAGACTATAGCCATTCTAAA
1850	0	TTTCGAAACGCGTCAAAGTTCATTTGTCGTTCTTCGTCGCT
1851	0	AAGCTTAATAAAAGTAGGTTCCTTAATGTTCATATTTTCCA
1852	0	GCGACAATGGGCTCTATCGCCATTATTGACTCGATAAACTT
1853	0	TATTCTGTTTTCAAATTTTGCTTCAGGCTTCAACTTGGACC
1854	0	AAAATCTCATAAACGAGTTACAAGAAGCACGAGATTCCATC
1855	0	CATACGCATGGCTTTTATATCATATTGTTCTTCGTCAAAAT
1856	0	AACACATATTTCGGCCAGTTCAATAATGTATCTAAATCAGT
1857	0	ACAAGTAAGAGCTTTTGCTGCTCAAGCTGCCCATGTTTATG
1858	0	AACGTTTAGGACAACCCGCTCACAAGGCTGGCCTTTCTCTT
1859	0	CTTGAGTTTTTCCGCAAGTACCCTTATGAGTGCATTGCTTT
1860	0	AGTTAGCTGCATTACTTAATCGATTTCATGAAGAAACAGAT
1861	0	GATTGCGCATTTACCATCTTCGCTTTGGAATGTATTAAAGC
1862	0	AAAGTAGCAGTGAAAATGAGCTATTGAAGCTATTAAGGAAG
1863	0	ACAAGTGTTAGCTGCTACCTCTTTTCAACTGAATTTATTTT
1864	0	ATACAAGGTTGCCTCGTTTTCAACCTACGAATCCTACAAAT
1865	0	GATATAAGCACAATTAAATTCATTACAATTGTTAAGATAAA
1866	0	TTTAAATTACCAATAAATTTCGAAATTTGGTAGTGATGAAA
1867	0	GTCAACTTGAGAAATAATATCGTCAGGAATGCCATAACGTT
1868	0	TCTTGTTCTGACTTGCTGTTCAAATCGTTTTCAAAATTCAA
1869	0	ACTTTTATGACGAGTGAAGACGCTGAACTGGTTCTTTCTTA
1870	0	GCCCGTTTTCCACAAGAAGGCTAAGGTTACCAAGAAGGTTG
1871	0	TTCACACCAAGCAGTTAATCCTTGAGCAACTTGAACGCTGT
1872	0	TGAAGTTCTCCTTTCAATGTCTGAGAACAAGAAATACTAGA
1873	0	TTTGGGTAAAACCGTGCAAACTGTGTGCTTTTTATCTTATT
1874	0	CACTTTGTTTTAAATAAATACCATAAAATATCATACCTATT
1875	0	CAATTCGTGATAGCGAGAAACTGAAAGAAAGATTAGAGACT
1876	0	ATCATAAAAGGAACGAAAAGCCGTTTTACTTGTACTATCAT
1877	0	TCAAGAAGAGCATTATAAATCGTCACTAGTGAATAACTTTC
1878	0	ACTTGGTTCACTTCAGTTTTCAGTCTTGTGCGTTAATTTTT
1879	0	TTTTTCCAAAGCTGCTTTCGCAGATCGGATATCAGCAGAGT
1880	0	CCAGGGATCTTTCCGTATTTCAAAATGCGGAAACCCTTTCA
1881	0	AAGCAATAAACGACTTTAAGCTTTTCATTAAGCGAATGAGA
1882	0	TAAGCATGTCCTGTTCACTTCTCTAATTCGTTTCAATTGCG
1883	0	AATGAATAGCAAGGAGAAGACACCTTTAAGATAACCAAGAA
1884	0	CAGATGGATAACGGAATTGTCTGCCGAGTTTATTAACATTT
1885	0	AACACCCAATTGAGTGTGAACTATTAAACCACCGAAATCTT
1886	0	CATTGGCTACATTATTAAGGCTGAACTTTTCATCCACTCAC
1887	0	ATCATGTCTTCCGAAAAAGTCCTCGTTGGTGAATACCTTTT
1888	0	TTTTCTGAATCTTTTCAAGGCTGGATTCACTTGAAATGTCT
1889	0	TTAGACTAAATAATAGTTGACACCAATTCGATTTATTAACA
1890	0	AGTGAATTTATATGCCCGTTCTCAAAGCCGGGTATTTTTAG
1891	0	TATAACATATGGATCGATTGCGATCCTGGACATGACGATGT
1892	0	GCTCACATGGAGTTTGGGGGCTTGATGATCATTTTTTTATT
1893	0	GGGCCTTGTTCTTTTTCGTACTTTCTAAATAATATCTCCAC
1894	0	TGTAGCCAGGGGTTTTGATACAATAGTCGTAGCTGCACCAT
1895	0	AATAGAGAAGCACGTTTCCGCCAGGCAGCCTATCTTCAAGG
1896	0	ATTAGTGTCTTTTGAATGTGCCTTTCGAAAGTTTTTACGCG
1897	0	ACGTTTATAACAAAGAAACACACGAAAATGCTATTTACAGC
1898	0	CCTTTGAATCCTAGCATCTTCAAGTTTGGCAGCAACACTCT
1899	0	AAAAAATAAACATATAAGGACGGCAAAGCGCTATTTGGCAT
1900	0	AATTTCATCGACAGATGGTGCATTGGCTTGTAAAAACTCAC
1901	0	TCAAAGTTAGTTTCATTTTACATCCTTGAAATAACTGATTT
1902	0	CAAAGGACTGATGATGAATGCTGGACAGGTCGGTACAATAA
1903	0	TTCCATCAATTGTCTGATGACCAGTATAATTCATGCATAAA
1904	0	TTCATTTTTCGGCGTTCTTTCTTCTCCTCTAGCGTAGATTT
1905	0	CGAGAATGATATGAAAAATTCAAACAATATTTTTGGCTTAA
1906	0	AGGTTGGTAGTCGGGTTGGACCGCGTGTTTAATTTATGTAA
1907	0	CATAGCGATTTTCTCCATTGCCTTATTCATACATACACGCG
1908	0	GCTCAAAAGGAAAAAAATAACTATATTCGAAATTTTGTTAA
1909	0	TGAAATGGTCGAAGATGGGTCAGAAGATCGAGCTTGAGCAT
1910	0	TGCTTTGGTATAGAGAGAGTCATAAATTTTCCTTTCTGAGT
1911	0	ACCAATCACACTTCCTATAGCTGAAACCGAGTGCAAATGCT
1912	0	TAATGTTTGATTAGTTTTGTCTTGTAAAGCTGGACGTGTCG
1913	0	AACAGGAGCCCTGCAAATTGCACAGGTGCCATTGACTCTCA
1914	0	CTTGATAGATATTGCTTTGTCGGCGCAAGCTTGAACAACAT
1915	0	CTTAATGTTAATTTTTTTATCAACGTGTAATTGTATATTTT
1916	0	TTTCTCTTCGAAGTTGGATGCTTTTGCGCAAACTTTGGACC
1917	0	GTGAATACACAATTGAGAAACTTTTAAAAATGCAAGTTTTA
1918	0	CAAACACAAAAGGATGATTACAGATTTTCTTCAACTGCATG
1919	0	AAAGCAACGCTGCGTAAATTCCGTACTGTTCATATTTTGTA
1920	0	TGGCTTGGCAAACCAGGAAACGCCTGCGAATTCCTGAAATT
1921	0	TTTACAATGGCAGCATGGAACTTATGCTATCAATGATACCG
1922	0	GGTAAAGAACTCTTTCATTACATCTTGAGGAACATGAAATA
1923	0	TCATAGCTGTGCATTACCTTCAAAGAAGCTTGCTGATTATG
1924	0	ATCCCGCATTTGCGATAAATCTTTTGAATGTCCAAGAGAAG
1925	0	TTTATCAAATGGAATGATATCAACTTCCGCCTTTTTGTCTA
1926	0	TTAAAGGAAAAAATTTGTTTCCGCAGCGCTACTCTTGATTA
1927	0	CAGTGTTGAAACCTGCATGTCAAAAAAATTTCGCGAAAAGG
1928	0	TATGTAGCTCCTGCAGGTAGCAAGTATTATAAGTATTCATA
1929	0	GCAGCGGTATTCGTGTTCATCACTTGTATCATTGGGCTGAA
1930	0	TCATGTGTGAAAGTGTTTTGCATCTAACTTAAGTACTTTTT
1931	0	GTTGTTTTTATGAGAATAAACCAGTGGTTTTACGGTACTGA
1932	0	GATGGTGAGGTAATAAATTGCAACGGTAAATGACGGGGTCG
1933	0	GAAGTGCGAAACCCAATTTACCGGGCCCATAGCTTGTTCCC
1934	0	TTCTTTCAATTTGATAGTATCCATTGATTTTGAGTTTTTCT
1935	0	AGCTTTCAGAAGAAAGAAAACAGTTTTTGATGGAAAGCACT
1936	0	CCACATGGTGCTAATCGTAGCAGCATGGATGAAGTTAACGG
1937	0	TGTAAATTCAGTGACGAAAACTACAAAGACTTAATAAGTCA
1938	0	ATTTTCAAAAGCGGATTTGACGTTCAAAGAAATTTGTTTGG
1939	0	AAGACGTGTATGCGAGGAAACCGGTGTGGAACAGTGTTCTA
1940	0	ACGTATGTCATCTTCGCTATCTTCTTCTTCTTCATCACCAT
1941	0	CTTTGGTCTTCGAAGCTATGCTCAAATGATCGGGGGATATT
1942	0	GTGAATTTGACATAATGGTACGCATTTTCTTCGCCCCTGAA
1943	0	AAACTTTGCACCTTCAGAATCTGATCTAAAAATGGAACAAT
1944	0	TTTTAGACTACAATGGTGAGCAATATGAACTTTATCAACAT
1945	0	ATCAAGGGGATAGTTTGAGACCAAAGACATAGAAGAAGGAT
1946	0	CTCTCGCTAATTTCCTGGGACCATTTGTAACGAGCGTCGCC
1947	0	GATCTTGATCCCTGTATGATCTTTGGGTTCTTAATTCGAGA
1948	0	AAAGCAGGTCCACTCGTCGGCAGGGTGCATGTATACACATC
1949	0	GGGAAACTGAACTTGAAAAACTTCATCAGTTAAAAAAGGAG
1950	0	GCGGCATCACGTTATATTAGCGTGACGCGTCTGAACGCGTT
1951	0	GGGATACAGGTAAATAATTACAATTCTTTTATGTATAGGCA
1952	0	AGTTAACACCTAGGAATAGTCTCCCATGCAAACGCATTTCG
1953	0	TACATACTCCACGCATGCACCATCGATACACTACCAAGAAC
1954	0	CAAAGAAATCAGTAAAAAAGCAAAAGAAATCTAAGAAGAAG
1955	0	AAATGGATCCCAAGGTGAAGCGGATAATTCAAATTACTCTG
1956	0	TATCAAGTGACCGCTAAATACTCCTCATTATAAGTGTATTT
1957	0	ATACTTAAGATCCGTACTAACATTGAGCGCAAGACCATGAC
1958	0	ATCTTCCAAAAATAAATAGTCGTGGGCATTTCCGGATTAAA
1959	0	AATCTGCTCTTTTGAGAGATCTAAAACGCTATCTAATAATA
1960	0	GGGTTGTAAATGAATAAAATCATTGTCCCTCTCATTTCTTT
1961	0	AGTTCCAGAACGATAAATTTCCTTATTCGCAAACTTGATTC
1962	0	GGTTTGAATTTCGTCTAAAACGAGATATGTATCGTACTTAG
1963	0	GATATTGTAGCCTAAACATGCTTTCAATGTATTTTACTATT
1964	0	GCGGTTGAATCTTCCCATAGCGATTAAACAACCAGGCATGT
1965	0	TCGTCCTGTTTAGGATGGTTCCGTTTGATTCGTTTTCTTTC
1966	0	GGTAGTGGCGGGTGATCGTTCAAGTTTCGTAAAGAAGCTAT
1967	0	TCGCGCAGTTTTTGAAGAGTCGATCTAGCATCGGCATGTCT
1968	0	ACTTCAATCATTGATTTGTTCTTCTTTAAAAGAGAACCGTT
1969	0	ATTTCGGCAGATTCAGTTATCTTACATCCCAAAAAGAAAAT
1970	0	CAGCAGATGGTAACCCAAAACGAACCAGCTTTTTGTGGATT
1971	0	AAATACGCCCGTCTTTAAAACTGTAAAATGCAATGACTTTG
1972	0	ATTTTAAGCGTTTGCGGTTTCCTCCTTTTGACGATGAAGAG
1973	0	GTTTTGCCTCTGTGATTTTACTTGACCAAATCGGTTGTGCG
1974	0	TGGAAAGAAGCATATGCAAGCTCGGATAATTGGCATCATGT
1975	0	TAGGATAGGTCGAAGTGATACTCGCCGATGAGCTTCCACTC
1976	0	GATGGTGAATACCTCATTAACCATGTCAATTTTTCCATTTA
1977	0	TCAAATCCTCTTTCTGAAAGCAATCTTCTCCTTCAGGGACA
1978	0	GGGGGGCTCGGTATTTAATGCATAGAAAACAATCGTGTTTT
1979	0	TTGGATTCCTTATTAGAGTGCGTTCCTCTTGGCACTATTGA
