index	label	text
0	1	ATTAACAGTTTCCATAAAATCGGGACTAGCTGTCCAAAAAT
1	1	GAGAATAAGACTTATTCTCTCAGCAAGTAGTTTTGAGATCA
2	1	ATGTAGAGACAAACTACCTACAGCAGTAGTGGTTTCTCGTT
3	1	ATTTTTACCATCATAACATTCGTTATCAGTGGTCTTGTGGA
4	1	ATACAAGTATCACTTATATACAGAATTTCAAAGAGACCGTT
5	1	AACAAACCGTTGATACACAACGGTCTCTTTGAAATTCCTGT
6	1	GTATTCACCTCCATTATCTGCACGGACGCACTTCAGTTTCC
7	1	TCCACTACCAAGGTACAAGGCGCGGTTAGTTGTGAAGGGTT
8	1	TTGAGTCATCCATGTTACAACACGGTTATAACAAGACCAGC
9	1	GGTTGGTAGCTTGATGTATGCAGCAGTAAGCACTAGACCAG
10	1	TCTAGCTTGTCTCTTGTCAGCGGCTTCGTCAACATGTCTGC
11	1	TCCTACAAATCCAAATCAACCCCGCTCAAACCAAGCTCTGA
12	1	TACTGTTTTCACAGAACAACCGGCAATCCCTGGGATCAGAA
13	1	AGATCCATGCGTTCTTTTTTCTCTGACAGATGATCAGAACT
14	1	GGGATTTCAGAGGTTGTCGGCTTAGAATGATGAGCAGATAC
15	1	CTGAAATCCTTTTTCAGTTTCTCCAAAATACACGATACATC
16	1	CCGCGCGACGCCCCGCACGCCCCGAACGAGCGCCCTACGCC
17	1	TTCCCCTCGCGGGGGCGACCCTCGGTCGCGCGGGGCGGGGG
18	1	CGACCCTCGGTCGCGCGGGGCGGGGGTCATCGCCGAGGAAT
19	1	TAAGGCCGACGATGGTGGGTCCTACCAAAGAATTAAGGCAA
20	1	CTTGATCTTCTTGTAGTCTCCGGCCAGATTGCTCCACCGCT
21	1	TACTAATGAATGATAAACATCTATATTTTTTTTTATTTTTT
22	1	GATCTCAATTAGAGAAGACTCAGTAAGGTATATCAATCAAA
23	1	TCAAGTCAAGCCGTATCGCGCGCTAGCATGAATGACCTTTG
24	1	GTTGTACCTGTAAACCAACCCCCTAGGGCGAAATAAGCACA
25	1	ATCGAGCAAGTTCAAATTGACGTAACATGAAACCTATTAGT
26	1	GGGAGGGGTCAAACAAACTTCTTATACTTATATTTTATTTA
27	1	GACGAAGGCGTGTGGGTGTACTATTACGTGGTGAGGATTGT
28	1	GTGATGTACCAAAAAATCTGCGGTTCCTAATGGAATAGGTA
29	1	TCAAGATAGATGGGAAGGGGCCCTATCAAGTAAAGGCCATA
30	1	ACTTCGTTCCTAAAAAAAAACTCAACAAAGATTTTAACCCT
31	1	TTGACTATATAGGGCAGGCCCAGAGCCAGTATTGGAGGAAG
32	1	TCCCCGTGTCCACTAGCGCTCCTGTCCAGAGCGAAGAGAAG
33	1	GTTACCTACCAAATAAAAAGCCTGCTCAGGAAGACCATCTA
34	1	TGTACAAATTGTACTCGAAACGGTGCTAATAAGAAATCAAT
35	1	AGATCGGGCCGATCTTTACTCGGGGTAGAGCATAAACCTAA
36	1	GTGGGACCAAATAATTCAATCGGGGTTGTTGCTGAACCATA
37	1	AATATATCGAAGAGTTGGCGCGGGGCTAGCCGAAAATCAAA
38	1	AGAAGCTTGGTCTAAAATTCCGGAAAAATTAGCTTTTTATG
39	1	CAAACTAAGTCCAAAAATTCCCTGAGTAAGAATCGGTGGAT
40	1	GTATTACCTCTGCTTACTGCCGTATTTATGTTAATGCACTT
41	1	ACCAAAGAGCTGCTGCGGTACCAATCAAAAAGACAGTTGTT
42	1	TAAATAACTTAATCAAATTCCGTGAGGCTTCGTGAAGTGCT
43	1	GGTAATTTCTTGGTCCTCCGCGGGTACTTGTGGATTCAAGG
44	1	AGAATACTTTATGAAATGGGCGGGGTAGCAGAAAACATAGC
45	1	GGGTTCAGGGAAAGGATCGCCCGAATATTGGGTAGCTATCG
46	1	AGTTTGTCATTTTTTATTTCCGGCATAACGTAAAGACGAGT
47	1	TGAAAGGAATTTGTCATTATCATAATTTCAATACATGGTGG
48	1	AAATTCCTTTCATTTGTATACATATATGGCCAAATCAGTAT
49	1	GACCATCCCCATGGGGCTGGCTGAAGGGAGGGCCCTAATTG
50	1	TGAACCCTGTAGACCATCCCCATGGGGCTGGCTGAAGGGAG
51	1	ATATACTTCTAATGTCGAATCGGGATCAACTAGGACAGAAA
52	1	AAAATATTTTCTTTGTGCGGCGGTAAAAAAAAACATGCTTT
53	1	GAGTGACATTGCTTCTTCGGCCCGAACCAAGGAATCCCTTA
54	1	AGTATTAGAACGGAAAAATCCATTAGATAATGAACTATTGG
55	1	ACACGCGAGACTCAAAATCTCGTGCTAAAGAGCGTGGAGGT
56	1	GCACGAGATTTTGAGTCTCGCGTGTCTACCATTTCACCACC
57	1	CCCAAAGAGATGAGCAGGGTCCCAAATAACGAGAGAGATGT
58	1	GCTCATGTCACGTCGAGGTACTGCAGAAGAAAAAACTGCAA
59	1	TATGTGTTTCCACGCCCCCTCGAGACCCCGAAAAATGGACA
60	1	TGGCTCAGGATGAACGCTGGCGGCATGCTTAACACATGCAA
61	1	CCCAAGGGCAGGTTCTTACGCGTTACTCACCCGTCCGCCAC
62	1	ACCGCCGTATGGCTGACCGGCGATTACTAGCGATTCCGGCT
63	1	AATGGGAAAATAAAACGGAGCACCTAACAACGTATCTTCAC
64	1	GGTACGATCCCTCCGTCACCCCAGAATGAAAGGGGCGATCT
65	1	CCCATTGCACTGCTCGGGGGCGTTCGTAGTGACTGAGGGGG
66	1	TAGGAACTACGAGATCACCCCAAGGACGCCTTCGGCATCCA
67	1	TGAAAGTTGTAAGCTGTGTTCAGGGGGGGAGTTATTGTCTA
68	1	GTTCCGACCCGCACGAAAGGCGTAACGATCTGGGCACTGTC
69	1	ATTCGGAATGAATCAAATCTCCCCAAGTAGGATTTGAACCT
70	1	ATCCAGAGTATACTCCTATCCACCGATTTAAAATAATGACT
71	1	ATAATCCTTTATTTTGTAAACTCCCCCTTCTTTTTCTTAGA
72	1	GTAAACTCCCCCTTCTTTTTCTTAGAATCCCCCCTTATACC
73	1	CCCTTCTTTTTCTTAGAATCCCCCCTTATACCAAGATAAAT
74	1	AAACCAATAGCCAGAACCCCCATTAATAAAAAAACAGAACC
75	1	TATACCCATAGAACATTTGGCGTAACATAGATAATGAATAA
76	1	GCACTGCTTCCTAAGAGCAGCGTGTCTACCGATTTCACCAT
77	1	CTATTCTAATTTTTTAATGGCAGTTCCAAAAAAACGCACTT
78	1	TCAATACCTCGGTGTAGGTCCGGGATAATCCTTTGTTCCGC
79	1	TCAACGGTGGCAACTAAACACGAGTTTTGCGCTCGTTGCGG
80	1	GAAGATTTAAATCCTTTAGCCGTTAATATAAAAATTAATAT
81	1	TTCACGCATCCCTAGGAACTCCGCACGGGTGACAAAAAGGA
82	1	CCTAGGGATGCGTGAAGTTCCCCGATGTCAACACGTGGCCA
83	1	GCGTCCATCTCAGAACGTTGCGTCGGCAGTCCATTCGGTTT
84	1	CCAAATGACCGCACAATTTACCTAACCGTGCAAAAGAGTGG
85	1	TGATCGCACCCGTTGTCTCTCGCTCTCGTCGGGTAATGTAC
86	1	ACCCGTTGTCTCTCGATCCCCGTCGGGTAATGTACGTCCAT
87	1	ACATCGGGGAACTACAAACTCACTAAAAGGAAAACGAGGGG
88	1	AACCGTGCAAAAGAATAGCCCGGAAAAAACACGAGTTTTTT
89	1	CAGTCCATTCGGTTTGCGGGCCCCACGCAATCGACCGCACA
90	1	TTTTCCGCGCCACTCTTTTGCACGGTTAGGTAAATTGTGCG
91	1	GAACTCCGCAGTTAAGCGTGCTTGGCGAGAGTAGTACTAGG
92	1	GAAGTTCCCCGATGTCAACACGTGGCAAAAAAAAACTCGTG
93	1	ACCAACACCCTTTGTGGGTTCTGGTTAGCGCGCAGTTGGGC
94	1	CGGCCCCCAGAGGCACGTGTCGTGGGCGCAGCCCGCGCGGC
95	1	GGCACGTGTCGTGGGCGCAGCCCGCGCGGCGGACGAGCCGC
96	1	AAGCGGTGCCGGCATGGCTGCTGCGCGAGCGGCCAAGGCAT
97	1	CGCGGCGCCTTGCCGCCATGCTGCGCACGGCCTTAGGGGCG
98	1	ACGCATGGCCTTGCCCGCCCCTAAGGCCGTGCGCAGCATGG
99	1	GGGCAAGGCCATGCGTGCCGCGGCCCGAGGCCAGCGCGCCC
100	1	CCCTCGCGCTGGGTGGTGGGCACGGGCGCCGCTGGCAAGGC
101	1	GGTGCCTCTTGGGGCCTTGCCAGCGGCGCCGGTGCCCAACA
102	1	TCCTTTTGCCCATGCACGGACGCTGGCAGCAACCCCTTGCC
103	1	GTAAGCTAACCTCCTTTTGCCCATGCACGGACGCTGGCAGC
104	1	AATGGCCTTGCCCTTGGCCACGGGAGCGATGTTGTGGCATG
105	1	GGGGGGTTTGGGGTTGGGGACGCTAGCGGCAAGGCCACGGG
106	1	ATATTTGGGAGGTGCCAAAACGAGTGCGACATGATTTGGAG
107	1	AGTTTGTGTACAAAAAATCACGCGAAAATTCCAAGTATTTC
108	1	CCCCTGGCATGGGCGTGCCGCAGGGGGCGGCACGCCTCCTG
109	1	TCCGTTTGCCGTTTGCCGTTCGCCGGCGCCGGCGCACGTTC
110	1	CGGCACGGTTGAACGTGCGCCGGCGCCGGCGAACGGCAAAC
111	1	TGGGCGCGGCAGGAGCAGCACGCTAGCAGCGGCACGGTTGA
112	1	GTCCCTCTCACGCGATGTCCCTCTGGCGAGCCAGCGCCCTG
113	1	CAGGCTGGGGACGCACCGCCCCCCCCGTCCCTCTAACGCGA
114	1	GTCCCTCTGGCGAGCCAGCGCCCTGGCAACGAAAACCAAAA
115	1	CCTGCAGTGGCTGCTCGCGGCGTGTGCATGCTCCGTGACGC
116	1	GCTCTAAGACTCTGAAGGCGCGGGGGGTCGCCACGCCCTCT
117	1	GGCGCGAAGGACGCCCGGGGCGCGAGAGAGAGGGCGTGGCG
118	1	CTCGCGCCCCGGGCGTCCTTCGCGCCCGGGGTGTTCCGCAT
119	1	CACGATGAGAAGGATGGGGTCGCGCGCACCGCGCGTTTCAG
120	1	GGCATGGGGCGACCCCGGGGCAGCAGGCACCCGGGGCATGA
121	1	CACGCCCAGCGGTCCGGGTTCGGCGTCGCACGATGCTTCCG
122	1	CATCCATCTCGGATGGCGGGCGGGGGTCGCGGTCCGTCTGG
123	1	GGTGGTAGGGTCGTATGGCTCGGCAGGCTCGGTGCTCGCGC
124	1	ATCGAACTGCCCGGCATGCGCCCGATCATTGTCGCCCCGAG
125	1	GATGGGCAACAATTCCGTGGCGGCAGGTATCCAACACAGGA
126	1	TGCCAGCGCCCGCTGGGGCGCGCTGGCAAGGAGAAAGGGTC
127	1	TGCCAGCGCGCCCCAGCGGGCGCTGGCAGGACCCCGAAGCT
128	1	GGCAGGACCCCGAAGCTGTTCGCGAGCGGCCAAGCGTGCCT
129	1	GCCAAGCGTGCCTCGCCCCACGCGGGCGCGGTCGCCTTGGA
130	1	CGTGCGCGCGAGGTCCAAGGCGACCGCGCCCGCGTGGGGCG
131	1	TCCGAGAGAACGAGCGTGCGCGCGAGGTCCAAGGCGACCGC
132	1	GCCCGGGGGACAGCGTTCCGCATCCGAGAGAACGAGCGTGC
133	1	GGGGCGTGCGGGGCGTCGCGCGGACGCACCGAGCCCGGGGG
134	1	TCGGTGCGTCCGCGCGACGCCCCGCACGCCCCGAACGAGCG
135	1	CAATCGTGCGAGTCGAGCGGCGTAGGGCGCTCGTTCGGGGC
136	1	TCGGCGCGGACGGGCGCAATCGTGCGAGTCGAGCGGCGTAG
137	1	GGGAACGACTGCCTCTTCGGCGCGGACGGGCGCAATCGTGC
138	1	CCCCGCGAGGGGAACGACTGCCTCTTCGGCGCGGACGGGCG
139	1	AGCTAATACGTGCAACAAACCCCGACTTCTGGAAGGGATGC
140	1	TATTAGATAAAAGGTCGACGCGGGCTCTGCCCGTTGCTCTG
141	1	CATGATAACTCGACGGATCGCACGGCCATCGTGCCGGCGAC
142	1	GGATCGCACGGCCATCGTGCCGGCGACGCATCATTCAAATT
143	1	AATTACCAGACTCATAAGAGCCCGGTATTGTTATTTATTGT
144	1	GAGGGCAAGTCTGGTGCCAGCAGCCGCGGTAATTCCAGCTC
145	1	ACGAGCGGACCGGTGCACACCAGGGGCGGACCGATCCGCCC
146	1	GGCAGAAGGGACGAGCGGACCGGTGCACACCAGGGGCGGAC
147	1	TAAGGCCAGGAGCGCATCGCCGGCAGAAGGGACGAGCGGAC
148	1	TAACAGCGCCGGAGGCACGACCCGGCCAGTTAAGGCCAGGA
149	1	GGTCCTATTGTGTTGGCCTTCGGGATCGGAGTAATGATTAA
150	1	GGGATCGGAGTAATGATTAACAGGAACAGTCGGGGGCATTC
151	1	GACTATGAAATACGAATGCCCCCGACTGTTCCTGTTAATCA
152	1	GTCCTAGTCTCAACCATAAACGATGCCGACCAGGGATCGGC
153	1	GCGATTTGTCTGGTTAATTCCGTTAACGAACGAGACCTCAG
154	1	GCTATGCGGAGGTGACCCTCCGCGGCCAGCTTCTTAGAGGG
155	1	GGCCAGCTTCTTAGAGGGACCACGGCCGTTCAGGCCGCGGA
156	1	CTGTTATTGCCTCAAACTTCCGCGGCCTGAACGGCCGTGGT
157	1	CCCTTAGATGTTCTGGGCCGCACGCGCGCTACACTGATGTA
158	1	GTCAACGCGAGCTGATGACTCGCGCTTACTAGGAATTCCTC
159	1	AAGCGCGAGTCATCAGCTCGCGTTGACTACGTCCCTGCCCT
160	1	CGGGCGGTGTGTACAAAGGGCAGGGACGTAGTCAACGCGAG
161	1	ACTTCACCGGACCATTCAATCGGTAGGAGCGACGGGCGGTG
162	1	CCGGTGAAGTGTTCGGATCGCGGCGACGTGGGCGGTTCGCT
163	1	TCGCGGCGACGTGGGCGGTTCGCTGCCGGCGACGTCGCGAG
164	1	CGTGGGCGGTTCGCTGCCGGCGACGTCGCGAGAAGTCCACT
165	1	CGGAAGGATCATTGTCGAGACCTGCCCAGCGGCACGACCAG
166	1	TGTCGAGACCTGCCCAGCGGCACGACCAGCGAACGCGTCCC
167	1	CTCGCGCGCGCGCCCGCCCCCGCGTCGTTGTTTTGGGACGC
168	1	AACAACGACGCGGGGGCGGGCGCGCGCGCGAGCGTCGCCCC
169	1	CCCGTTCGCTCGGGGCGACGCTCGCGCGCGCGCCCGCCCCC
170	1	CGCGCGCGCGAGCGTCGCCCCGAGCGAACGGGGGGGCGCGC
171	1	GCCCCGAGCGAACGGGGGGGCGCGCGGGACTCGTTGCCCGC
172	1	GGGGCGCGCGGGACTCGTTGCCCGCGCGGCCCCCGAACGAA
173	1	GGACTCGTTGCCCGCGCGGCCCCCGAACGAAGCCCCGGCGC
174	1	CGCGCGGCCCCCGAACGAAGCCCCGGCGCGGTCCGCGCCAA
175	1	AAAACGCGAGGGGCCTCGGCCCCGGACGAAAAAGAGTATAT
176	1	GATGCGAGAGCCGAGATATCCGTTGCCGAGAGTCGTTTTGA
177	1	TTCAAAGACTCGATGATTCGCGGGATTCTGCAATTCACACC
178	1	GCAAGTTGCGCCCGAAGCCACCCGGCCGAGGGCACGTCTGC
179	1	GACACCCAGGCAGACGTGCCCTCGGCCGGGTGGCTTCGGGC
180	1	GGAGAGGAGGGCGTGGCGTGCGGGGGGCAACGATGCGTGAC
181	1	CTCCTCGCACGAGGAGAGAGCGCGCGCGCGCATTCGGGGGT
182	1	AGCGTCCGCACCCCCGAATGCGCGCGCGCGCTCTCTCCTCG
183	0	GAATTAAACAATCCTACAGTCCATGTGAAGGATCTTTAGCA
184	0	CTTTCAGCATTTTGGTGGTACATACCTGACAAATTCTGCTG
185	0	ATTGTAAGCAATGTTGCCAGCCTGAACGAGAAGCAAGGCAC
186	0	TACATGTTAATTAAAGGAAGCCAAGGAAATATCATTTTTGT
187	0	ACAATGAGCAAATGCGCGTTCGCACCGTCCAGTAAAATCAA
188	0	GCGTGTTAATGAATAAAAGACTATCCCATAGTGATCAACGA
189	0	AGTCGTACCCCTTCCTTAAGCTCCCCCAAATTGCAAGCCAA
190	0	AATTTCTTTTGATTTTTCCTCAAAAATTTATCATTAGAGAA
191	0	TTGAAAAAGGGGTATAATAACAACATAATGTTCTTTTTACC
192	0	AATAAAATTCGAAGTTATTTCCAAGAAACACGAGACCAAGG
193	0	AGATCATATAAACAAAAGAACGTTTTTCAAACATTAAAGTA
194	0	TTCGTCTAACTCATCCTTTGCACCACAAATCTGCTTTTTTA
195	0	TAGAAGCCCTACCCATTTCTCACTTTGATCACTTAATGCTA
196	0	AGATTACACCTTCCACGTGTCGATGACAGATGCTTCTTTTC
197	0	CCCCCGCGTGTCCAGATACTCTTACTTCAGCCTGTCGCGCA
198	0	TTGTTCTCTTTAATGTGGAACTGTTTGTTTAATATATTATT
199	0	GCTCCAACAACCTACTTTTACGTGCATTGAAAACATCTTTT
200	0	ACATTTGTCTGTTTGAATTTCGGAGGATCTTTTAATAGGTC
201	0	GGGAATCTGGAGAATTTGATCAATATGGATGGTTCATACCA
202	0	GGATCCCATCAAACTACCAACCTGGTTTCAATGTCTAGACA
203	0	TATCATTTCTTCACTATTGACATACATTTGTAAACATCATT
204	0	ATGGTTGATTTTTACCATCACATGAGAGTTTGCAAACACAA
205	0	ATCGCATGATACACGTGTGTCCAGCGTTATTCAGCACTATC
206	0	ACTTTTACTCACCTTATAAGCAATTTGTTTATGCCATTGAT
207	0	CATGATAACAATTGGTCATGCAAAAATACATCGAATGGCAA
208	0	TTGATAGTGCAAGGATTGTGCTCTGACAATCCAGGAGTATT
209	0	ACAAATGTAAAGTATTCTTTCTCAAATAAAGGCAAAATGTA
210	0	AACGAGTGGTATTAAAGTTGCTTGAATTTTCATAACAAGTA
211	0	ACAACCATTTCAGTAAATGTCTCTGTAATTTGATGTGTTAC
212	0	TGATTGGAGCCATAGATTGGCTATCTTTAGAGATGGGGCCA
213	0	GTTTTTATATATTAAGGTTGCGTCACAGTTTTTATATGCTT
214	0	ATCTCCCACTTGATCCCCCACAAAAGGTAGACCTTCAAGAC
215	0	AGACACTGGTGAACTCACTCCATTAGCGTGGGCCATTGTAA
216	0	CTGGTTTCTCATCTAAGAATCCATCAAAGCTTTGGACCAAG
217	0	CATACCTTAATTCTGGATGTCTGTCCAGTACAACTGAAATT
218	0	TTTATTTTATGTTTTGGGTGCTGTTTGTTGAGAACAATCTT
219	0	ACTCCGAGAAGATACCTGCTCAGCACGAATTCACAGAGTTT
220	0	AGTAAGCTCAATGTCCTTGACATTAATAAACCTCTAGCTTA
221	0	GAAAGAAAACAGGTAGAGGACACACTTTTGCACATTCACCA
222	0	ATTCCCTATGTAACAATTAACAATTAAGGCAGAATTCTTTT
223	0	TTTATCATGTTATTTGGATGCTGTAGCAGGAATAATTACTC
224	0	TAGAACCCTTCACAATGAGACTGCTCCACATTGACTTCAAT
225	0	TATGCGATTGCAGGAGTAATCATTTTAGTTCTAATGCAGTC
226	0	GAAAAGAAAAAAAAAGTTTGCCTTTATGGTATTCCTGAAAC
227	0	AAAGCTTGGTTACTATTTTTCCTTCCTTTTAACTACAAACT
228	0	ATCTCCCCTGCCTCTTAAATCTTTTTGAGTTGTTCTGTGTT
229	0	TGTAAATCACGGGGACAGATCAGTGCCAAACAAAAAGGGCT
230	0	TAATTGTTCATGTTAATTGTCTAAAGCTTATCATTTTGAGT
231	0	TCTCACTGGGATGGCCAAGACGAGAGTGCCATATATTTCTA
232	0	AAGAAATACGACCTTAGTAACAGTTGTCACCAAGTTTGTGC
233	0	GTTGGAATGGAATGGTGAAACACAATAATTCCTTTAGTGGT
234	0	AGCATTTTACACGAGTAAATCGACGATGGGGAGGGGAAGGT
235	0	CTCGTAAGTCTCTCGTGAAGCGAGATACTGTCTGTTCTTTG
236	0	GAGAAGGTCACGAGGGAGGACATGCACGACCCTTACGAGAA
237	0	TGGAGTGCAAATCGACGTATCATTGACGCATCGCGCTGCAA
238	0	ATTGATTGTTTTGTTACTTTCCTGGACCTTTTACAAACGAT
239	0	TTCAAATCTTGATTTTGATGCCAAATAGAAGACGTAATTTT
240	0	TCCCTTCTCTTGGTCTTGAACCATGGATGTTCCTCAAACAT
241	0	TCACTTGCCTCGTACGGTAGCGAACCTGCCTACCCCGGCGC
242	0	GCTAATCTTTACCGCAGCTACACGTGTAAGCTTTCCTTGAT
243	0	AATCCCTACATTTTTTTTGTCTTAATTAACTTGACTACTTA
244	0	AGTGCCACATTTTAAGGAAACTGAGGAGGCTATCGAAATGG
245	0	CCCAGATTATCATTACTTCTCTCCTCCACCTACAACACAAA
246	0	ATTAGTATGCATTCCAATAACTTCAAATTTTGGTTTGTATT
247	0	CTACTAATTGTCTAACTAAACCACTTTGTGATTCCAGGTAA
248	0	CCTCTTCAACACACCAAAAACTCCCCCAAGAAACCCACATA
249	0	AATAATAAAAAAATGTATTTCTAACTTAGCAATTCGAAAAT
250	0	ATGCGTGCCAAATAACAAATCCGTCTTACCCATTTCTCACT
251	0	CTCTCTCTCTCTCTGTTTCTCGCTTTGGGGCTATCGTTTTC
252	0	AGCACCACCATCTACTCAAGCGTTTGAAAGAAAATTGACCT
253	0	ATATCAATGCACAAGTCATGCATGACGACTTGTATCAAAGC
254	0	CCGAAAGGAGAGGGATGGGACCCCTGAGCCTTGGACCAGAC
255	0	CTAGATCCAAGAAGAAAGAGCCAAGATGGCTTTTGTGATCC
256	0	AAATTCAAAGACTCTCAAACCATCATCAAGCAGCCCATTCC
257	0	TGGTTTAATTGTGAGTGAAACAAATTTCGTCCGAGTTTCTT
258	0	GCGCTGGGTTTGGAGGAAAACGTGTTCGATCGAACCAGTAT
259	0	GTCCTATGATTCGACTACTTCACGAGATTTAATCGTACCCA
260	0	CGTCAACTTCACCTTCAAGACTATTGATTATCACCTACTCT
261	0	ATTGTCTTCTGTCATAGAATCCCCATATACTCCAGTATGAA
262	0	CAGGAAAAGGTAAAGGAATTCATATCATTTGCCTGCAACTT
263	0	CCCTTCTTAAAGAAAAATGTCACTCTCTTCCTTTTCAAGTC
264	0	CAAGTGGGCAAATCCCAGGCCACAAAACCAGTCTGAAAATG
265	0	GCAATTTGAAACCCATGACTCATTTTTTCTTGGAAAGGGGG
266	0	AAAAGGAAAAGCAGAAGGAGCAGCAATGATGGCATGTCTCA
267	0	TTCCTTGATAGGTGTTGTAACTCGGATTCCTGTGATCGGTT
268	0	AAAAGGAAGGAAAAAAAAAACAAACTAAAATCTGGCATTTT
269	0	ATGGGAAATGTATTATTTTGCCATTACAGCACGCCAAGAGG
270	0	ACATAACAATTCAAGGTTGACTACACAAAACACGTATTGAA
271	0	TCTCCGGCCACTTCCACGATCTGAGCCAGGAAATATCCACT
272	0	AATTTGGAAAGAAGAAATATCTTTCAATGTCTATAATATGC
273	0	GAATTAAGATAGAAAATGTACATCAGTTTGTACTTGAGTCT
274	0	GAGCTCAGCAACAAATGTAGCAATGTAATAATTGGAAGATT
275	0	AGAAATAAACTTGGAAACTACTAAAAAACGGAAGTGTCTAC
276	0	CAAACAGCACTTTGGTGATGCAGTGAATACTTGGTGATATG
277	0	GAATTGACCCATGTTCAATGCCTATGGGCATGTTAAATAGT
278	0	AGTCTGCTTTTCACACTGTTCATATAGAGCTATAGACCTCA
279	0	AATCAAGAACATCAGAGCAACACCGTTAGTATGTATGTTAA
280	0	AATTAGCTTGAAGCGCTTTTCTCTAGAATGAACAGATTTAT
281	0	TTCGAGCAAGCCTTTGCTGTCATGATGGCATTCTGCAAGAC
282	0	ATTTTTCATCTTTACTTAAACTACTCGGCTCTAAGTAACCT
283	0	GACAACTATTTCGCAGAAGTCACGCAAAACTTTTGTTTTGC
284	0	TTATAGATTTAAAAAATATGCAAAGTTATCTTCAATATAAC
285	0	TGTGAAAGAGAAGTTTATAGCTGTAGAATAACCCATTTACG
286	0	ATTATTTGTACAAGAAGTATCGAAAATGTAATAAACATTAT
287	0	CACTCACATACGCACCAAATCGCATATTCTCATATATGCAT
288	0	GGTAGTGGTTGATAGGTTATCCAAAATGGCTCATTTCATAC
289	0	TTAAAATTTTTCATCTCCTTCATACATCACAGTTGCCTTGT
290	0	CTACAACGCCATTCCAATGTCATGCTTACACCAATCTAATA
291	0	CAAGTCCTTTAAAATTTTGGCAAAGACACTTGGTTTGATAA
292	0	AATTGTCTTACCAAGGATGTCTTTGCCGGCCTCCCTTACAC
293	0	TTTCACTTGAAAATCTCCCTCCTGCGGATATTCTTTACTCG
294	0	CCCTCCCGGCCAAGTGTTCGCCGGTACGAACCCTGGCTCTG
295	0	CCCTTCCAGTTCCTCTCGGGCTTCTTCTCCCTTCTCTTTTC
296	0	GTGCACCCATGAGAGAGTAGCCATCACCGAGCGAATGATGA
297	0	ACTTGTGACAAATAATGTAACTTTTATCCAAAGGATTCTTA
298	0	TAGTTCTATGTTACAATAAACCCTCTTCATTGCTTTACTTG
299	0	AGCCTTGCAAATGTCTCTGTCAATGCTAATCGATTGGTTTT
300	0	TAGCAATATCCCTCAAACTACCATATTATTTGAGGATTTAC
301	0	ACCAAATTGGAAATAAAAAGCAAAAAACATTTTTAAAGCCT
302	0	GTCAATCTTGAACAGCTGGACTTGCAGAAACAGAGACCCAG
303	0	CTCATATATCATTGATTGGTCGAAAACTTTAGGTAAAAAAA
304	0	ATTAAGTTAAACTTATGTTTCACCAAACCCTAAAAGCTATA
305	0	ATCAATTACTGTTACTTTTTCTTTTTTTGCACCCATTCACT
306	0	GGATTTCCAGCCATGTTAGGCTGCGACGGAACGTAAAAGTT
307	0	TTATAATCTCAGTTTATAAGCCTAGTTAAGAGTAAATGTTG
308	0	CGTTGGCACGCGAAGAGCGTCTTGTTAATGGAAAGAATCAC
309	0	TGGATGACAATTATCAAGTTCGAATAAGGTTAGACTTCGCT
310	0	TATAGGGCGAGAGGAAATTTCCAGTATAAGAAAGTACAATT
311	0	AGTCGCTCGCTCAGGGAGAACTAGTACTTGACATTATACAA
312	0	CCAACAAGGAAGAAGGAAAGCGTAAGCCCCCTTGAATTTTC
313	0	AAACTCGATAAAGGCATAAACGATAATATGCTAAGTTTTTG
314	0	TGTTAAAGTCCCTTCTTACTCAAATGTCCAAGTCTTTTGTG
315	0	TCATCTTATGCTTTCACTGACGGATCAAAATGTGCTTTTTG
316	0	TATTAAAGCATGTGGAAAAGCAACCAGAAATTAGGTAATGC
317	0	ATTTTACATGTGTATACCAACTGGAGTTGCTCTAGGCTATG
318	0	TTATCAAGATCCAATTATATCATTTAGCTAAACTACTAGAA
319	0	ATAATTGAGCAAAGGTTCTTCAATAGGTTTTAGATTTGATA
320	0	AGGATAAACAACCAAGATCACTGAGTGTCGCTAAAGATCTT
321	0	TCTTTCATTGAAAAAAATAACTTAATGAATTTGTTTGTTCT
322	0	GTCGGTAAACAATATATTAACTTTGGTCTGCCCTTAAGAAA
323	0	GAACTTTATTGTTGAGATATCAATTGACATCACACGCAAAC
324	0	ATCATGTTCTGCAGAATTACCAAGTCAAAGGATTAATTCAA
325	0	AACATCGTTTGTAAGATTTTCATTGAGCAAACAAATAAAAA
326	0	TTTATTTCTCCGTAGCGCAACACTTGCAGTCAGAAAATAGC
327	0	ATATATGAAACTAAAAGCCACCAATCAATTAGTTTGTGACT
328	0	TCTTTTAAGCTCTGAAATTGCAACAAGGTTGTTCCCTGTCA
329	0	GGCATCATAGAAGGTGGAGGCAAAGGTGGTAGTTTTCTCCA
330	0	TGACATACACACTAATAATACATCCTTTTATTATAATAATT
331	0	TGCCTGATTGCCAAAACATTCAAGACTTAGAATGGTACTTC
332	0	ATGACGTAAGAAATATTTGACTTATCATAATAATCATCAGA
333	0	GTATCAAAGAAAAAAACGATCCTGAAGTGAAGATGCAGTAT
334	0	TTGACTGGAAGCATGGGCATCTTCGTCGGTATTCGCCTCTT
335	0	AAGTATTAATACACTTTGTTCCGCAATTGAGACTGCTAAAA
336	0	AAGACTGAAGCAAACGACCTCCTTTAGGCCTAGAAACAGCA
337	0	TTCGCCAGAATTTCTGGTTACTGTGAGCAGACTGATATTCA
338	0	GATTATGTATTTTTATTTGTCTGTATACATGATAAACTTTA
339	0	TCAGCATCTTTCTTTCCCATCGGACAGGACAGAGTGCATTG
340	0	TGATTAGATCTTTTTTTCTTCAGTTTTTAACACGTATTAGT
341	0	TGGGAACAAACTCAATTGTGCTTTGAAAGATTTCATTATTT
342	0	GTCGGGAAGGATTGATTTGACTACTGGCAGCATTTGGCAGT
343	0	ATGCAAGTATAAAAATTATACAAAAATTTGTACAGAAGAAT
344	0	ATTACTCAACTCAATCCTAACTTAAAGGTTAGAGACAATTT
345	0	AACAGATTTTACACGTATGGCTGCAGTGCTGTCACATTTTT
346	0	TCTAATCTAACGATGGATTTCCAATACGTACTGTTTATATA
347	0	ATTGATGGAGCAGAATTCTGCACACTGGCTTCTGCAGTTGC
348	0	AGGGTTTACCAAACATCTATCCAATTTACTGCCTTTGAACC
349	0	TAGCACGTGCCATGATTTGTCCGGTGACTTTGTTGCTGAGT
350	0	CTCTCGACATTGTTTTAATTCTAGAGGATGAGGTCTTTTGG
351	0	CTAGGTTTAAATGGAGATATCATCATCAACAATGGCTTCAA
352	0	ATAGGTTTCAGCTCTGATCTCAAAAGATATATATTTTCTTG
353	0	TGGTTGAGTAAAGGAGACTTCAATCAGTTGGATTAAAGGAG
354	0	TCAATTGACCTTTATGTAAGCAATATTATTTACTTCTCACC
355	0	ATTTGTATTCTGCTTCAGTGCTGGAGCGAGCAACGGTGCGT
356	0	AATATTTGGCTCTTCTCTTTCTCTCTCTTCTTATTCCTTTA
357	0	TAGTATCATATTACTATTGTCATAATAAATGTATGAATATC
358	0	GAGTATAAAGTTTCACTTTACATGTATCAATTATTAGCCCA
359	0	ATATAATTATCATAGCAAATCCCATGAAACTATTGAAACAA
360	0	TGGATTCATCCAAGCTACCACATCTAGCATAAAGGAAGAAG
361	0	GGCAAGATGTTCTTCTGGGTCTTCTAACTCATTATTCCTTC
362	0	CAAATCATACTAACACTTAACTTGTCAGAAAAGAGAATACA
363	0	AACAAAAACGACAAACTAAACGAAGTTATTCTTCCAAGCAC
364	0	GACCTTCTTAAGAGGCCACACTAGCTCCATTATTTTGGTTG
365	0	CATATTGCTGCTTCTGTATACTCCTCGATTTTACCGAAGTT
